{"t": "2026-08-11T13:22:57.149", "bomb_state": null, "round_phase": null, "bomb_countdown": null, "phase_ends_in": null, "connected": true}
{"t": "2026-08-11T13:23:27.742", "bomb_state": null, "round_phase": null, "bomb_countdown": null, "phase_ends_in": null, "connected": true}
{"t": "2026-08-11T13:23:51.552", "bomb_state": null, "round_phase": null, "bomb_countdown": null, "phase_ends_in": null, "connected": true}
{"t": "2026-08-11T13:24:22.108", "bomb_state": null, "round_phase": null, "bomb_countdown": null, "phase_ends_in": null, "connected": true}
{"t": "2026-08-11T13:24:30.458", "bomb_state": null, "round_phase": "freezetime", "bomb_countdown": null, "phase_ends_in": null, "connected": true}
{"t": "2026-08-11T13:24:31.718", "bomb_state": null, "round_phase": "live", "bomb_countdown": null, "phase_ends_in": null, "connected": true}
{"t": "2026-08-11T13:25:01.714", "bomb_state": null, "round_phase": "live", "bomb_countdown": null, "phase_ends_in": null, "connected": true}
{"t": "2026-08-11T13:25:18.075", "bomb_state": null, "round_phase": "live", "bomb_countdown": null, "phase_ends_in": null, "connected": true}
{"t": "2026-08-11T13:25:23.163", "bomb_state": null, "round_phase": "live", "bomb_countdown": null, "phase_ends_in": null, "connected": true}
{"t": "2026-08-11T13:25:45.419", "bomb_state": "planted", "round_phase": "live", "bomb_countdown": null, "phase_ends_in": null, "connected": true}
{"t": "2026-08-11T13:25:57.179", "bomb_state": "planted", "round_phase": "live", "bomb_countdown": null, "phase_ends_in": null, "connected": true}
{"t": "2026-08-11T13:25:59.927", "bomb_state": null, "round_phase": null, "bomb_countdown": null, "phase_ends_in": null, "connected": true}
{"t": "2026-08-11T13:26:29.971", "bomb_state": null, "round_phase": null, "bomb_countdown": null, "phase_ends_in": null, "connected": true}
{"t": "2026-08-11T13:26:59.964", "bomb_state": null, "round_phase": null, "bomb_countdown": null, "phase_ends_in": null, "connected": true}
{"t": "2026-08-11T13:27:30.068", "bomb_state": null, "round_phase": null, "bomb_countdown": null, "phase_ends_in": null, "connected": true}
{"t": "2026-08-11T13:28:00.112", "bomb_state": null, "round_phase": null, "bomb_countdown": null, "phase_ends_in": null, "connected": true}
{"t": "2026-08-11T13:28:30.130", "bomb_state": null, "round_phase": null, "bomb_countdown": null, "phase_ends_in": null, "connected": true}
{"t": "2026-08-11T13:29:00.184", "bomb_state": null, "round_phase": null, "bomb_countdown": null, "phase_ends_in": null, "connected": true}
{"t": "2026-08-11T13:29:30.242", "bomb_state": null, "round_phase": null, "bomb_countdown": null, "phase_ends_in": null, "connected": true}
{"t": "2026-08-11T13:30:00.290", "bomb_state": null, "round_phase": null, "bomb_countdown": null, "phase_ends_in": null, "connected": true}
{"t": "2026-08-11T13:30:23.790", "bomb_state": "planted", "round_phase": "live", "bomb_countdown": null, "phase_ends_in": null, "connected": true}
{"t": "2026-08-11T13:30:23.797", "bomb_state": null, "round_phase": null, "bomb_countdown": null, "phase_ends_in": null, "connected": true}
{"t": "2026-08-11T13:30:30.332", "bomb_state": null, "round_phase": null, "bomb_countdown": null, "phase_ends_in": null, "connected": true}
{"t": "2026-08-11T13:33:21.794", "bomb_state": null, "round_phase": null, "bomb_countdown": null, "phase_ends_in": null, "connected": true}
{"t": "2026-08-11T13:33:27.842", "bomb_state": null, "round_phase": null, "bomb_countdown": null, "phase_ends_in": null, "connected": true}
{"t": "2026-08-11T13:33:54.646", "bomb_state": null, "round_phase": null, "bomb_countdown": null, "phase_ends_in": null, "connected": true}
{"t": "2026-08-11T13:34:01.296", "bomb_state": null, "round_phase": null, "bomb_countdown": null, "phase_ends_in": null, "connected": true}
{"t": "2026-08-11T13:34:07.480", "bomb_state": null, "round_phase": null, "bomb_countdown": null, "phase_ends_in": null, "connected": true}
{"t": "2026-08-11T13:34:13.662", "bomb_state": null, "round_phase": null, "bomb_countdown": null, "phase_ends_in": null, "connected": true}
{"t": "2026-08-11T13:34:19.844", "bomb_state": null, "round_phase": null, "bomb_countdown": null, "phase_ends_in": null, "connected": true}
{"t": "2026-08-11T13:34:23.528", "bomb_state": null, "round_phase": "live", "bomb_countdown": null, "phase_ends_in": null, "connected": true}
{"t": "2026-08-11T13:34:29.713", "bomb_state": null, "round_phase": "live", "bomb_countdown": null, "phase_ends_in": null, "connected": true}
{"t": "2026-08-11T13:34:34.945", "bomb_state": null, "round_phase": "live", "bomb_countdown": null, "phase_ends_in": null, "connected": true}
{"t": "2026-08-11T13:34:40.582", "bomb_state": null, "round_phase": "live", "bomb_countdown": null, "phase_ends_in": null, "connected": true}
{"t": "2026-08-11T13:34:46.021", "bomb_state": null, "round_phase": "live", "bomb_countdown": null, "phase_ends_in": null, "connected": true}
{"t": "2026-08-11T13:34:52.061", "bomb_state": null, "round_phase": "live", "bomb_countdown": null, "phase_ends_in": null, "connected": true}
{"t": "2026-08-11T13:34:57.795", "bomb_state": null, "round_phase": "live", "bomb_countdown": null, "phase_ends_in": null, "connected": true}
{"t": "2026-08-11T13:34:59.060", "bomb_state": "planted", "round_phase": "live", "bomb_countdown": null, "phase_ends_in": null, "connected": true}
{"t": "2026-08-11T13:35:05.173", "bomb_state": "planted", "round_phase": "live", "bomb_countdown": null, "phase_ends_in": null, "connected": true}
{"t": "2026-08-11T13:35:05.835", "bomb_state": null, "round_phase": "over", "bomb_countdown": null, "phase_ends_in": null, "connected": true}
{"t": "2026-08-11T13:35:10.861", "bomb_state": null, "round_phase": "over", "bomb_countdown": null, "phase_ends_in": null, "connected": true}
{"t": "2026-08-11T13:35:15.886", "bomb_state": null, "round_phase": "freezetime", "bomb_countdown": null, "phase_ends_in": null, "connected": true}
{"t": "2026-08-11T13:35:20.864", "bomb_state": null, "round_phase": "live", "bomb_countdown": null, "phase_ends_in": null, "connected": true}
{"t": "2026-08-11T13:35:26.994", "bomb_state": null, "round_phase": "live", "bomb_countdown": null, "phase_ends_in": null, "connected": true}
{"t": "2026-08-11T13:35:32.070", "bomb_state": null, "round_phase": "live", "bomb_countdown": null, "phase_ends_in": null, "connected": true}
{"t": "2026-08-11T13:35:38.957", "bomb_state": null, "round_phase": "live", "bomb_countdown": null, "phase_ends_in": null, "connected": true}
{"t": "2026-08-11T13:35:45.842", "bomb_state": null, "round_phase": "live", "bomb_countdown": null, "phase_ends_in": null, "connected": true}
{"t": "2026-08-11T13:35:51.880", "bomb_state": null, "round_phase": "live", "bomb_countdown": null, "phase_ends_in": null, "connected": true}
{"t": "2026-08-11T13:35:58.021", "bomb_state": null, "round_phase": "live", "bomb_countdown": null, "phase_ends_in": null, "connected": true}
{"t": "2026-08-11T13:36:04.103", "bomb_state": null, "round_phase": "live", "bomb_countdown": null, "phase_ends_in": null, "connected": true}
{"t": "2026-08-11T13:36:10.140", "bomb_state": null, "round_phase": "live", "bomb_countdown": null, "phase_ends_in": null, "connected": true}
{"t": "2026-08-11T13:36:16.274", "bomb_state": null, "round_phase": "live", "bomb_countdown": null, "phase_ends_in": null, "connected": true}
{"t": "2026-08-11T13:36:22.407", "bomb_state": null, "round_phase": "live", "bomb_countdown": null, "phase_ends_in": null, "connected": true}
{"t": "2026-08-11T13:36:28.441", "bomb_state": null, "round_phase": "live", "bomb_countdown": null, "phase_ends_in": null, "connected": true}
{"t": "2026-08-11T13:36:34.528", "bomb_state": null, "round_phase": "live", "bomb_countdown": null, "phase_ends_in": null, "connected": true}
{"t": "2026-08-11T13:36:40.612", "bomb_state": null, "round_phase": "live", "bomb_countdown": null, "phase_ends_in": null, "connected": true}
{"t": "2026-08-11T13:36:46.697", "bomb_state": null, "round_phase": "live", "bomb_countdown": null, "phase_ends_in": null, "connected": true}
{"t": "2026-08-11T13:36:52.733", "bomb_state": null, "round_phase": "live", "bomb_countdown": null, "phase_ends_in": null, "connected": true}
{"t": "2026-08-11T13:36:58.817", "bomb_state": null, "round_phase": "live", "bomb_countdown": null, "phase_ends_in": null, "connected": true}
{"t": "2026-08-11T13:37:04.907", "bomb_state": null, "round_phase": "live", "bomb_countdown": null, "phase_ends_in": null, "connected": true}
{"t": "2026-08-11T13:37:06.569", "bomb_state": "planted", "round_phase": "live", "bomb_countdown": null, "phase_ends_in": null, "connected": true}
{"t": "2026-08-11T13:37:12.687", "bomb_state": "planted", "round_phase": "live", "bomb_countdown": null, "phase_ends_in": null, "connected": true}
{"t": "2026-08-11T13:37:18.801", "bomb_state": "planted", "round_phase": "live", "bomb_countdown": null, "phase_ends_in": null, "connected": true}
{"t": "2026-08-11T13:37:21.196", "bomb_state": "defused", "round_phase": "over", "bomb_countdown": null, "phase_ends_in": null, "connected": true}
{"t": "2026-08-11T13:37:27.235", "bomb_state": "defused", "round_phase": "over", "bomb_countdown": null, "phase_ends_in": null, "connected": true}
{"t": "2026-08-11T13:37:31.260", "bomb_state": null, "round_phase": "freezetime", "bomb_countdown": null, "phase_ends_in": null, "connected": true}
{"t": "2026-08-11T13:37:36.146", "bomb_state": null, "round_phase": "live", "bomb_countdown": null, "phase_ends_in": null, "connected": true}
{"t": "2026-08-11T13:37:42.289", "bomb_state": null, "round_phase": "live", "bomb_countdown": null, "phase_ends_in": null, "connected": true}
{"t": "2026-08-11T13:37:48.483", "bomb_state": null, "round_phase": "live", "bomb_countdown": null, "phase_ends_in": null, "connected": true}
{"t": "2026-08-11T13:37:54.583", "bomb_state": null, "round_phase": "live", "bomb_countdown": null, "phase_ends_in": null, "connected": true}
{"t": "2026-08-11T13:38:00.772", "bomb_state": null, "round_phase": "live", "bomb_countdown": null, "phase_ends_in": null, "connected": true}
{"t": "2026-08-11T13:38:04.747", "bomb_state": "planted", "round_phase": "live", "bomb_countdown": null, "phase_ends_in": null, "connected": true}
{"t": "2026-08-11T13:38:10.833", "bomb_state": "planted", "round_phase": "live", "bomb_countdown": null, "phase_ends_in": null, "connected": true}
{"t": "2026-08-11T13:38:17.025", "bomb_state": "planted", "round_phase": "live", "bomb_countdown": null, "phase_ends_in": null, "connected": true}
{"t": "2026-08-11T13:38:23.187", "bomb_state": "planted", "round_phase": "live", "bomb_countdown": null, "phase_ends_in": null, "connected": true}
{"t": "2026-08-11T13:38:29.267", "bomb_state": "planted", "round_phase": "live", "bomb_countdown": null, "phase_ends_in": null, "connected": true}
{"t": "2026-08-11T13:38:32.333", "bomb_state": "defused", "round_phase": "over", "bomb_countdown": null, "phase_ends_in": null, "connected": true}
{"t": "2026-08-11T13:38:38.727", "bomb_state": "defused", "round_phase": "over", "bomb_countdown": null, "phase_ends_in": null, "connected": true}
{"t": "2026-08-11T13:38:42.403", "bomb_state": null, "round_phase": "freezetime", "bomb_countdown": null, "phase_ends_in": null, "connected": true}
{"t": "2026-08-11T13:38:47.338", "bomb_state": null, "round_phase": "live", "bomb_countdown": null, "phase_ends_in": null, "connected": true}
{"t": "2026-08-11T13:38:52.869", "bomb_state": null, "round_phase": "live", "bomb_countdown": null, "phase_ends_in": null, "connected": true}
{"t": "2026-08-11T13:38:58.973", "bomb_state": null, "round_phase": "live", "bomb_countdown": null, "phase_ends_in": null, "connected": true}
{"t": "2026-08-11T13:39:05.079", "bomb_state": null, "round_phase": "live", "bomb_countdown": null, "phase_ends_in": null, "connected": true}
{"t": "2026-08-11T13:39:11.225", "bomb_state": null, "round_phase": "live", "bomb_countdown": null, "phase_ends_in": null, "connected": true}
{"t": "2026-08-11T13:39:17.375", "bomb_state": null, "round_phase": "live", "bomb_countdown": null, "phase_ends_in": null, "connected": true}
{"t": "2026-08-11T13:39:23.522", "bomb_state": null, "round_phase": "live", "bomb_countdown": null, "phase_ends_in": null, "connected": true}
{"t": "2026-08-11T13:39:29.877", "bomb_state": null, "round_phase": "live", "bomb_countdown": null, "phase_ends_in": null, "connected": true}
{"t": "2026-08-11T13:39:35.975", "bomb_state": null, "round_phase": "live", "bomb_countdown": null, "phase_ends_in": null, "connected": true}
{"t": "2026-08-11T13:39:42.071", "bomb_state": null, "round_phase": "live", "bomb_countdown": null, "phase_ends_in": null, "connected": true}
{"t": "2026-08-11T13:39:46.151", "bomb_state": null, "round_phase": "over", "bomb_countdown": null, "phase_ends_in": null, "connected": true}
{"t": "2026-08-11T13:39:52.247", "bomb_state": null, "round_phase": "over", "bomb_countdown": null, "phase_ends_in": null, "connected": true}
{"t": "2026-08-11T13:39:56.238", "bomb_state": null, "round_phase": "freezetime", "bomb_countdown": null, "phase_ends_in": null, "connected": true}
{"t": "2026-08-11T13:40:01.178", "bomb_state": null, "round_phase": "live", "bomb_countdown": null, "phase_ends_in": null, "connected": true}
{"t": "2026-08-11T13:40:07.278", "bomb_state": null, "round_phase": "live", "bomb_countdown": null, "phase_ends_in": null, "connected": true}
{"t": "2026-08-11T13:40:13.376", "bomb_state": null, "round_phase": "live", "bomb_countdown": null, "phase_ends_in": null, "connected": true}
{"t": "2026-08-11T13:40:19.576", "bomb_state": null, "round_phase": "live", "bomb_countdown": null, "phase_ends_in": null, "connected": true}
{"t": "2026-08-11T13:40:25.671", "bomb_state": null, "round_phase": "live", "bomb_countdown": null, "phase_ends_in": null, "connected": true}
{"t": "2026-08-11T13:40:31.719", "bomb_state": null, "round_phase": "live", "bomb_countdown": null, "phase_ends_in": null, "connected": true}
{"t": "2026-08-11T13:40:37.812", "bomb_state": null, "round_phase": "live", "bomb_countdown": null, "phase_ends_in": null, "connected": true}
{"t": "2026-08-11T13:40:43.911", "bomb_state": null, "round_phase": "live", "bomb_countdown": null, "phase_ends_in": null, "connected": true}
{"t": "2026-08-11T13:40:50.255", "bomb_state": null, "round_phase": "live", "bomb_countdown": null, "phase_ends_in": null, "connected": true}
{"t": "2026-08-11T13:40:55.501", "bomb_state": null, "round_phase": "live", "bomb_countdown": null, "phase_ends_in": null, "connected": true}
{"t": "2026-08-11T13:41:01.396", "bomb_state": null, "round_phase": "live", "bomb_countdown": null, "phase_ends_in": null, "connected": true}
{"t": "2026-08-11T13:41:07.751", "bomb_state": null, "round_phase": "live", "bomb_countdown": null, "phase_ends_in": null, "connected": true}
{"t": "2026-08-11T13:41:11.640", "bomb_state": "planted", "round_phase": "live", "bomb_countdown": null, "phase_ends_in": null, "connected": true}
{"t": "2026-08-11T13:41:17.315", "bomb_state": "planted", "round_phase": "live", "bomb_countdown": null, "phase_ends_in": null, "connected": true}
{"t": "2026-08-11T13:41:19.673", "bomb_state": null, "round_phase": "over", "bomb_countdown": null, "phase_ends_in": null, "connected": true}
{"t": "2026-08-11T13:41:25.877", "bomb_state": null, "round_phase": "over", "bomb_countdown": null, "phase_ends_in": null, "connected": true}
{"t": "2026-08-11T13:41:29.758", "bomb_state": null, "round_phase": "freezetime", "bomb_countdown": null, "phase_ends_in": null, "connected": true}
{"t": "2026-08-11T13:41:34.697", "bomb_state": null, "round_phase": "live", "bomb_countdown": null, "phase_ends_in": null, "connected": true}
{"t": "2026-08-11T13:41:41.600", "bomb_state": null, "round_phase": "live", "bomb_countdown": null, "phase_ends_in": null, "connected": true}
{"t": "2026-08-11T13:41:47.751", "bomb_state": null, "round_phase": "live", "bomb_countdown": null, "phase_ends_in": null, "connected": true}
{"t": "2026-08-11T13:41:53.044", "bomb_state": null, "round_phase": "live", "bomb_countdown": null, "phase_ends_in": null, "connected": true}
{"t": "2026-08-11T13:41:58.443", "bomb_state": null, "round_phase": "live", "bomb_countdown": null, "phase_ends_in": null, "connected": true}
{"t": "2026-08-11T13:42:03.584", "bomb_state": null, "round_phase": "live", "bomb_countdown": null, "phase_ends_in": null, "connected": true}
{"t": "2026-08-11T13:42:08.678", "bomb_state": null, "round_phase": "live", "bomb_countdown": null, "phase_ends_in": null, "connected": true}
{"t": "2026-08-11T13:42:13.926", "bomb_state": null, "round_phase": "live", "bomb_countdown": null, "phase_ends_in": null, "connected": true}
{"t": "2026-08-11T13:42:19.073", "bomb_state": null, "round_phase": "live", "bomb_countdown": null, "phase_ends_in": null, "connected": true}
{"t": "2026-08-11T13:42:25.229", "bomb_state": null, "round_phase": "live", "bomb_countdown": null, "phase_ends_in": null, "connected": true}
{"t": "2026-08-11T13:42:30.322", "bomb_state": null, "round_phase": "live", "bomb_countdown": null, "phase_ends_in": null, "connected": true}
{"t": "2026-08-11T13:42:36.427", "bomb_state": null, "round_phase": "live", "bomb_countdown": null, "phase_ends_in": null, "connected": true}
{"t": "2026-08-11T13:42:42.526", "bomb_state": null, "round_phase": "live", "bomb_countdown": null, "phase_ends_in": null, "connected": true}
{"t": "2026-08-11T13:42:48.574", "bomb_state": null, "round_phase": "live", "bomb_countdown": null, "phase_ends_in": null, "connected": true}
{"t": "2026-08-11T13:42:54.722", "bomb_state": null, "round_phase": "live", "bomb_countdown": null, "phase_ends_in": null, "connected": true}
{"t": "2026-08-11T13:43:00.819", "bomb_state": null, "round_phase": "live", "bomb_countdown": null, "phase_ends_in": null, "connected": true}
{"t": "2026-08-11T13:43:05.852", "bomb_state": null, "round_phase": "live", "bomb_countdown": null, "phase_ends_in": null, "connected": true}
{"t": "2026-08-11T13:43:12.549", "bomb_state": null, "round_phase": "live", "bomb_countdown": null, "phase_ends_in": null, "connected": true}
{"t": "2026-08-11T13:43:18.952", "bomb_state": null, "round_phase": "live", "bomb_countdown": null, "phase_ends_in": null, "connected": true}
{"t": "2026-08-11T13:43:25.113", "bomb_state": null, "round_phase": "live", "bomb_countdown": null, "phase_ends_in": null, "connected": true}
{"t": "2026-08-11T13:43:25.467", "bomb_state": null, "round_phase": "over", "bomb_countdown": null, "phase_ends_in": null, "connected": true}
{"t": "2026-08-11T13:43:31.622", "bomb_state": null, "round_phase": "over", "bomb_countdown": null, "phase_ends_in": null, "connected": true}
{"t": "2026-08-11T13:43:35.502", "bomb_state": null, "round_phase": "freezetime", "bomb_countdown": null, "phase_ends_in": null, "connected": true}
{"t": "2026-08-11T13:43:40.443", "bomb_state": null, "round_phase": "live", "bomb_countdown": null, "phase_ends_in": null, "connected": true}
{"t": "2026-08-11T13:43:46.900", "bomb_state": null, "round_phase": "live", "bomb_countdown": null, "phase_ends_in": null, "connected": true}
{"t": "2026-08-11T13:43:51.932", "bomb_state": null, "round_phase": "live", "bomb_countdown": null, "phase_ends_in": null, "connected": true}
{"t": "2026-08-11T13:43:58.081", "bomb_state": null, "round_phase": "live", "bomb_countdown": null, "phase_ends_in": null, "connected": true}
{"t": "2026-08-11T13:44:04.487", "bomb_state": null, "round_phase": "live", "bomb_countdown": null, "phase_ends_in": null, "connected": true}
{"t": "2026-08-11T13:44:09.624", "bomb_state": null, "round_phase": "live", "bomb_countdown": null, "phase_ends_in": null, "connected": true}
{"t": "2026-08-11T13:44:16.530", "bomb_state": null, "round_phase": "live", "bomb_countdown": null, "phase_ends_in": null, "connected": true}
{"t": "2026-08-11T13:44:22.625", "bomb_state": null, "round_phase": "live", "bomb_countdown": null, "phase_ends_in": null, "connected": true}
{"t": "2026-08-11T13:44:29.187", "bomb_state": null, "round_phase": "live", "bomb_countdown": null, "phase_ends_in": null, "connected": true}
{"t": "2026-08-11T13:44:30.655", "bomb_state": null, "round_phase": "over", "bomb_countdown": null, "phase_ends_in": null, "connected": true}
{"t": "2026-08-11T13:44:37.409", "bomb_state": null, "round_phase": "over", "bomb_countdown": null, "phase_ends_in": null, "connected": true}
{"t": "2026-08-11T13:44:40.740", "bomb_state": null, "round_phase": "freezetime", "bomb_countdown": null, "phase_ends_in": null, "connected": true}
{"t": "2026-08-11T13:44:45.631", "bomb_state": null, "round_phase": "live", "bomb_countdown": null, "phase_ends_in": null, "connected": true}
{"t": "2026-08-11T13:44:50.668", "bomb_state": null, "round_phase": "live", "bomb_countdown": null, "phase_ends_in": null, "connected": true}
{"t": "2026-08-11T13:44:56.712", "bomb_state": null, "round_phase": "live", "bomb_countdown": null, "phase_ends_in": null, "connected": true}
{"t": "2026-08-11T13:45:03.113", "bomb_state": null, "round_phase": "live", "bomb_countdown": null, "phase_ends_in": null, "connected": true}
{"t": "2026-08-11T13:45:09.472", "bomb_state": null, "round_phase": "live", "bomb_countdown": null, "phase_ends_in": null, "connected": true}
{"t": "2026-08-11T13:45:15.525", "bomb_state": null, "round_phase": "live", "bomb_countdown": null, "phase_ends_in": null, "connected": true}
{"t": "2026-08-11T13:45:21.576", "bomb_state": null, "round_phase": "live", "bomb_countdown": null, "phase_ends_in": null, "connected": true}
{"t": "2026-08-11T13:45:27.668", "bomb_state": null, "round_phase": "live", "bomb_countdown": null, "phase_ends_in": null, "connected": true}
{"t": "2026-08-11T13:45:33.718", "bomb_state": null, "round_phase": "live", "bomb_countdown": null, "phase_ends_in": null, "connected": true}
{"t": "2026-08-11T13:45:39.766", "bomb_state": null, "round_phase": "live", "bomb_countdown": null, "phase_ends_in": null, "connected": true}
{"t": "2026-08-11T13:45:45.870", "bomb_state": null, "round_phase": "live", "bomb_countdown": null, "phase_ends_in": null, "connected": true}
{"t": "2026-08-11T13:45:51.870", "bomb_state": null, "round_phase": "live", "bomb_countdown": null, "phase_ends_in": null, "connected": true}
{"t": "2026-08-11T13:45:58.620", "bomb_state": null, "round_phase": "live", "bomb_countdown": null, "phase_ends_in": null, "connected": true}
{"t": "2026-08-11T13:46:04.763", "bomb_state": null, "round_phase": "live", "bomb_countdown": null, "phase_ends_in": null, "connected": true}
{"t": "2026-08-11T13:46:10.919", "bomb_state": null, "round_phase": "live", "bomb_countdown": null, "phase_ends_in": null, "connected": true}
{"t": "2026-08-11T13:46:15.957", "bomb_state": null, "round_phase": "over", "bomb_countdown": null, "phase_ends_in": null, "connected": true}
{"t": "2026-08-11T13:46:22.204", "bomb_state": null, "round_phase": "over", "bomb_countdown": null, "phase_ends_in": null, "connected": true}
{"t": "2026-08-11T13:46:26.033", "bomb_state": null, "round_phase": "freezetime", "bomb_countdown": null, "phase_ends_in": null, "connected": true}
{"t": "2026-08-11T13:46:30.918", "bomb_state": null, "round_phase": "live", "bomb_countdown": null, "phase_ends_in": null, "connected": true}
{"t": "2026-08-11T13:46:37.013", "bomb_state": null, "round_phase": "live", "bomb_countdown": null, "phase_ends_in": null, "connected": true}
{"t": "2026-08-11T13:46:43.060", "bomb_state": null, "round_phase": "live", "bomb_countdown": null, "phase_ends_in": null, "connected": true}
{"t": "2026-08-11T13:46:49.204", "bomb_state": null, "round_phase": "live", "bomb_countdown": null, "phase_ends_in": null, "connected": true}
{"t": "2026-08-11T13:46:55.513", "bomb_state": null, "round_phase": "live", "bomb_countdown": null, "phase_ends_in": null, "connected": true}
{"t": "2026-08-11T13:47:01.558", "bomb_state": null, "round_phase": "live", "bomb_countdown": null, "phase_ends_in": null, "connected": true}
{"t": "2026-08-11T13:47:06.952", "bomb_state": null, "round_phase": "live", "bomb_countdown": null, "phase_ends_in": null, "connected": true}
{"t": "2026-08-11T13:47:12.999", "bomb_state": null, "round_phase": "live", "bomb_countdown": null, "phase_ends_in": null, "connected": true}
{"t": "2026-08-11T13:47:19.145", "bomb_state": null, "round_phase": "live", "bomb_countdown": null, "phase_ends_in": null, "connected": true}
{"t": "2026-08-11T13:47:24.640", "bomb_state": null, "round_phase": "live", "bomb_countdown": null, "phase_ends_in": null, "connected": true}
{"t": "2026-08-11T13:47:30.843", "bomb_state": null, "round_phase": "live", "bomb_countdown": null, "phase_ends_in": null, "connected": true}
{"t": "2026-08-11T13:47:37.496", "bomb_state": null, "round_phase": "live", "bomb_countdown": null, "phase_ends_in": null, "connected": true}
{"t": "2026-08-11T13:47:43.648", "bomb_state": null, "round_phase": "live", "bomb_countdown": null, "phase_ends_in": null, "connected": true}
{"t": "2026-08-11T13:47:49.749", "bomb_state": null, "round_phase": "live", "bomb_countdown": null, "phase_ends_in": null, "connected": true}
{"t": "2026-08-11T13:47:54.390", "bomb_state": null, "round_phase": "over", "bomb_countdown": null, "phase_ends_in": null, "connected": true}
{"t": "2026-08-11T13:48:01.454", "bomb_state": null, "round_phase": "over", "bomb_countdown": null, "phase_ends_in": null, "connected": true}
{"t": "2026-08-11T13:48:04.480", "bomb_state": null, "round_phase": "freezetime", "bomb_countdown": null, "phase_ends_in": null, "connected": true}
{"t": "2026-08-11T13:48:09.369", "bomb_state": null, "round_phase": "live", "bomb_countdown": null, "phase_ends_in": null, "connected": true}
{"t": "2026-08-11T13:48:15.468", "bomb_state": null, "round_phase": "live", "bomb_countdown": null, "phase_ends_in": null, "connected": true}
{"t": "2026-08-11T13:48:20.808", "bomb_state": null, "round_phase": "live", "bomb_countdown": null, "phase_ends_in": null, "connected": true}
{"t": "2026-08-11T13:48:27.510", "bomb_state": null, "round_phase": "live", "bomb_countdown": null, "phase_ends_in": null, "connected": true}
{"t": "2026-08-11T13:48:33.662", "bomb_state": null, "round_phase": "live", "bomb_countdown": null, "phase_ends_in": null, "connected": true}
{"t": "2026-08-11T13:48:39.815", "bomb_state": null, "round_phase": "live", "bomb_countdown": null, "phase_ends_in": null, "connected": true}
{"t": "2026-08-11T13:48:45.916", "bomb_state": null, "round_phase": "live", "bomb_countdown": null, "phase_ends_in": null, "connected": true}
{"t": "2026-08-11T13:48:52.820", "bomb_state": null, "round_phase": "live", "bomb_countdown": null, "phase_ends_in": null, "connected": true}
{"t": "2026-08-11T13:48:58.973", "bomb_state": null, "round_phase": "live", "bomb_countdown": null, "phase_ends_in": null, "connected": true}
{"t": "2026-08-11T13:49:05.021", "bomb_state": null, "round_phase": "live", "bomb_countdown": null, "phase_ends_in": null, "connected": true}
{"t": "2026-08-11T13:49:12.081", "bomb_state": null, "round_phase": "live", "bomb_countdown": null, "phase_ends_in": null, "connected": true}
{"t": "2026-08-11T13:49:18.227", "bomb_state": null, "round_phase": "live", "bomb_countdown": null, "phase_ends_in": null, "connected": true}
{"t": "2026-08-11T13:49:24.277", "bomb_state": null, "round_phase": "live", "bomb_countdown": null, "phase_ends_in": null, "connected": true}
{"t": "2026-08-11T13:49:30.475", "bomb_state": null, "round_phase": "live", "bomb_countdown": null, "phase_ends_in": null, "connected": true}
{"t": "2026-08-11T13:49:36.070", "bomb_state": null, "round_phase": "live", "bomb_countdown": null, "phase_ends_in": null, "connected": true}
{"t": "2026-08-11T13:49:42.117", "bomb_state": null, "round_phase": "live", "bomb_countdown": null, "phase_ends_in": null, "connected": true}
{"t": "2026-08-11T13:49:47.211", "bomb_state": null, "round_phase": "live", "bomb_countdown": null, "phase_ends_in": null, "connected": true}
{"t": "2026-08-11T13:49:53.362", "bomb_state": null, "round_phase": "live", "bomb_countdown": null, "phase_ends_in": null, "connected": true}
{"t": "2026-08-11T13:49:59.459", "bomb_state": null, "round_phase": "live", "bomb_countdown": null, "phase_ends_in": null, "connected": true}
{"t": "2026-08-11T13:50:02.835", "bomb_state": null, "round_phase": "over", "bomb_countdown": null, "phase_ends_in": null, "connected": true}
{"t": "2026-08-11T13:50:08.882", "bomb_state": null, "round_phase": "over", "bomb_countdown": null, "phase_ends_in": null, "connected": true}
{"t": "2026-08-11T13:50:12.865", "bomb_state": null, "round_phase": "freezetime", "bomb_countdown": null, "phase_ends_in": null, "connected": true}
{"t": "2026-08-11T13:50:17.804", "bomb_state": null, "round_phase": "live", "bomb_countdown": null, "phase_ends_in": null, "connected": true}
{"t": "2026-08-11T13:50:24.151", "bomb_state": null, "round_phase": "live", "bomb_countdown": null, "phase_ends_in": null, "connected": true}
{"t": "2026-08-11T13:50:30.303", "bomb_state": null, "round_phase": "live", "bomb_countdown": null, "phase_ends_in": null, "connected": true}
{"t": "2026-08-11T13:50:36.445", "bomb_state": null, "round_phase": "live", "bomb_countdown": null, "phase_ends_in": null, "connected": true}
{"t": "2026-08-11T13:50:41.531", "bomb_state": null, "round_phase": "live", "bomb_countdown": null, "phase_ends_in": null, "connected": true}
{"t": "2026-08-11T13:50:47.876", "bomb_state": null, "round_phase": "live", "bomb_countdown": null, "phase_ends_in": null, "connected": true}
{"t": "2026-08-11T13:50:55.227", "bomb_state": null, "round_phase": "live", "bomb_countdown": null, "phase_ends_in": null, "connected": true}
{"t": "2026-08-11T13:51:00.321", "bomb_state": null, "round_phase": "live", "bomb_countdown": null, "phase_ends_in": null, "connected": true}
{"t": "2026-08-11T13:51:06.478", "bomb_state": null, "round_phase": "live", "bomb_countdown": null, "phase_ends_in": null, "connected": true}
{"t": "2026-08-11T13:51:11.618", "bomb_state": null, "round_phase": "live", "bomb_countdown": null, "phase_ends_in": null, "connected": true}
{"t": "2026-08-11T13:51:18.571", "bomb_state": null, "round_phase": "live", "bomb_countdown": null, "phase_ends_in": null, "connected": true}
{"t": "2026-08-11T13:51:25.323", "bomb_state": null, "round_phase": "live", "bomb_countdown": null, "phase_ends_in": null, "connected": true}
{"t": "2026-08-11T13:51:31.535", "bomb_state": null, "round_phase": "live", "bomb_countdown": null, "phase_ends_in": null, "connected": true}
{"t": "2026-08-11T13:51:37.885", "bomb_state": null, "round_phase": "live", "bomb_countdown": null, "phase_ends_in": null, "connected": true}
{"t": "2026-08-11T13:51:44.034", "bomb_state": null, "round_phase": "live", "bomb_countdown": null, "phase_ends_in": null, "connected": true}
{"t": "2026-08-11T13:51:50.088", "bomb_state": null, "round_phase": "live", "bomb_countdown": null, "phase_ends_in": null, "connected": true}
{"t": "2026-08-11T13:51:56.346", "bomb_state": null, "round_phase": "live", "bomb_countdown": null, "phase_ends_in": null, "connected": true}
{"t": "2026-08-11T13:51:58.063", "bomb_state": null, "round_phase": "freezetime", "bomb_countdown": null, "phase_ends_in": null, "connected": true}
{"t": "2026-08-11T13:52:03.302", "bomb_state": null, "round_phase": "freezetime", "bomb_countdown": null, "phase_ends_in": null, "connected": true}
{"t": "2026-08-11T13:52:04.008", "bomb_state": null, "round_phase": null, "bomb_countdown": null, "phase_ends_in": null, "connected": true}
{"t": "2026-08-11T16:59:14.685", "bomb_state": null, "round_phase": "freezetime", "bomb_countdown": null, "phase_ends_in": null, "connected": true}
{"t": "2026-08-11T16:59:20.985", "bomb_state": null, "round_phase": "freezetime", "bomb_countdown": null, "phase_ends_in": null, "connected": true}
{"t": "2026-08-11T16:59:23.702", "bomb_state": null, "round_phase": null, "bomb_countdown": null, "phase_ends_in": null, "connected": true}
{"t": "2026-08-11T16:59:30.357", "bomb_state": null, "round_phase": null, "bomb_countdown": null, "phase_ends_in": null, "connected": true}
{"t": "2026-08-11T16:59:35.597", "bomb_state": null, "round_phase": null, "bomb_countdown": null, "phase_ends_in": null, "connected": true}
{"t": "2026-08-11T16:59:41.596", "bomb_state": null, "round_phase": null, "bomb_countdown": null, "phase_ends_in": null, "connected": true}
{"t": "2026-08-11T16:59:46.840", "bomb_state": null, "round_phase": null, "bomb_countdown": null, "phase_ends_in": null, "connected": true}
{"t": "2026-08-11T16:59:52.079", "bomb_state": null, "round_phase": null, "bomb_countdown": null, "phase_ends_in": null, "connected": true}
{"t": "2026-08-11T16:59:58.580", "bomb_state": null, "round_phase": null, "bomb_countdown": null, "phase_ends_in": null, "connected": true}
{"t": "2026-08-11T17:00:05.532", "bomb_state": null, "round_phase": null, "bomb_countdown": null, "phase_ends_in": null, "connected": true}
{"t": "2026-08-11T17:00:11.637", "bomb_state": null, "round_phase": null, "bomb_countdown": null, "phase_ends_in": null, "connected": true}
{"t": "2026-08-11T17:00:17.182", "bomb_state": null, "round_phase": null, "bomb_countdown": null, "phase_ends_in": null, "connected": true}
{"t": "2026-08-11T17:00:23.584", "bomb_state": null, "round_phase": null, "bomb_countdown": null, "phase_ends_in": null, "connected": true}
{"t": "2026-08-11T17:00:30.032", "bomb_state": null, "round_phase": null, "bomb_countdown": null, "phase_ends_in": null, "connected": true}
{"t": "2026-08-11T17:00:36.129", "bomb_state": null, "round_phase": null, "bomb_countdown": null, "phase_ends_in": null, "connected": true}
{"t": "2026-08-11T17:00:41.669", "bomb_state": null, "round_phase": null, "bomb_countdown": null, "phase_ends_in": null, "connected": true}
{"t": "2026-08-11T17:00:47.566", "bomb_state": null, "round_phase": null, "bomb_countdown": null, "phase_ends_in": null, "connected": true}
{"t": "2026-08-11T17:00:54.317", "bomb_state": null, "round_phase": null, "bomb_countdown": null, "phase_ends_in": null, "connected": true}
{"t": "2026-08-11T17:01:00.715", "bomb_state": null, "round_phase": null, "bomb_countdown": null, "phase_ends_in": null, "connected": true}
{"t": "2026-08-11T17:01:03.437", "bomb_state": null, "round_phase": "freezetime", "bomb_countdown": null, "phase_ends_in": null, "connected": true}
{"t": "2026-08-11T17:01:08.327", "bomb_state": null, "round_phase": "live", "bomb_countdown": null, "phase_ends_in": null, "connected": true}
{"t": "2026-08-11T17:01:14.827", "bomb_state": null, "round_phase": "live", "bomb_countdown": null, "phase_ends_in": null, "connected": true}
{"t": "2026-08-11T17:01:20.921", "bomb_state": null, "round_phase": "live", "bomb_countdown": null, "phase_ends_in": null, "connected": true}
{"t": "2026-08-11T17:01:27.270", "bomb_state": null, "round_phase": "live", "bomb_countdown": null, "phase_ends_in": null, "connected": true}
{"t": "2026-08-11T17:01:32.557", "bomb_state": "planted", "round_phase": "live", "bomb_countdown": null, "phase_ends_in": null, "connected": true}
{"t": "2026-08-11T17:01:38.715", "bomb_state": "planted", "round_phase": "live", "bomb_countdown": null, "phase_ends_in": null, "connected": true}
{"t": "2026-08-11T17:01:45.328", "bomb_state": "planted", "round_phase": "live", "bomb_countdown": null, "phase_ends_in": null, "connected": true}
{"t": "2026-08-11T17:01:50.419", "bomb_state": "planted", "round_phase": "live", "bomb_countdown": null, "phase_ends_in": null, "connected": true}
{"t": "2026-08-11T17:01:56.725", "bomb_state": "planted", "round_phase": "live", "bomb_countdown": null, "phase_ends_in": null, "connected": true}
{"t": "2026-08-11T17:02:03.657", "bomb_state": "planted", "round_phase": "live", "bomb_countdown": null, "phase_ends_in": null, "connected": true}
{"t": "2026-08-11T17:02:09.008", "bomb_state": "planted", "round_phase": "live", "bomb_countdown": null, "phase_ends_in": null, "connected": true}
{"t": "2026-08-11T17:02:13.536", "bomb_state": "exploded", "round_phase": "over", "bomb_countdown": null, "phase_ends_in": null, "connected": true}
{"t": "2026-08-11T17:02:19.879", "bomb_state": "exploded", "round_phase": "over", "bomb_countdown": null, "phase_ends_in": null, "connected": true}
{"t": "2026-08-11T17:02:23.655", "bomb_state": null, "round_phase": "freezetime", "bomb_countdown": null, "phase_ends_in": null, "connected": true}
{"t": "2026-08-11T17:02:28.543", "bomb_state": null, "round_phase": "live", "bomb_countdown": null, "phase_ends_in": null, "connected": true}
{"t": "2026-08-11T17:02:34.539", "bomb_state": null, "round_phase": "live", "bomb_countdown": null, "phase_ends_in": null, "connected": true}
{"t": "2026-08-11T17:02:40.683", "bomb_state": null, "round_phase": "live", "bomb_countdown": null, "phase_ends_in": null, "connected": true}
{"t": "2026-08-11T17:02:47.084", "bomb_state": null, "round_phase": "live", "bomb_countdown": null, "phase_ends_in": null, "connected": true}
{"t": "2026-08-11T17:02:53.238", "bomb_state": null, "round_phase": "live", "bomb_countdown": null, "phase_ends_in": null, "connected": true}
{"t": "2026-08-11T17:02:59.583", "bomb_state": null, "round_phase": "live", "bomb_countdown": null, "phase_ends_in": null, "connected": true}
{"t": "2026-08-11T17:03:05.477", "bomb_state": null, "round_phase": "live", "bomb_countdown": null, "phase_ends_in": null, "connected": true}
{"t": "2026-08-11T17:03:12.428", "bomb_state": null, "round_phase": "live", "bomb_countdown": null, "phase_ends_in": null, "connected": true}
{"t": "2026-08-11T17:03:17.968", "bomb_state": null, "round_phase": "live", "bomb_countdown": null, "phase_ends_in": null, "connected": true}
{"t": "2026-08-11T17:03:23.869", "bomb_state": null, "round_phase": "live", "bomb_countdown": null, "phase_ends_in": null, "connected": true}
{"t": "2026-08-11T17:03:29.962", "bomb_state": null, "round_phase": "live", "bomb_countdown": null, "phase_ends_in": null, "connected": true}
{"t": "2026-08-11T17:03:33.288", "bomb_state": "planted", "round_phase": "live", "bomb_countdown": null, "phase_ends_in": null, "connected": true}
{"t": "2026-08-11T17:03:39.603", "bomb_state": "planted", "round_phase": "live", "bomb_countdown": null, "phase_ends_in": null, "connected": true}
{"t": "2026-08-11T17:03:45.405", "bomb_state": null, "round_phase": "over", "bomb_countdown": null, "phase_ends_in": null, "connected": true}
{"t": "2026-08-11T17:03:50.852", "bomb_state": null, "round_phase": "over", "bomb_countdown": null, "phase_ends_in": null, "connected": true}
{"t": "2026-08-11T17:03:55.476", "bomb_state": null, "round_phase": "freezetime", "bomb_countdown": null, "phase_ends_in": null, "connected": true}
{"t": "2026-08-11T17:04:00.415", "bomb_state": null, "round_phase": "live", "bomb_countdown": null, "phase_ends_in": null, "connected": true}
{"t": "2026-08-11T17:04:06.670", "bomb_state": null, "round_phase": "live", "bomb_countdown": null, "phase_ends_in": null, "connected": true}
{"t": "2026-08-11T17:04:12.837", "bomb_state": null, "round_phase": "live", "bomb_countdown": null, "phase_ends_in": null, "connected": true}
{"t": "2026-08-11T17:04:19.700", "bomb_state": null, "round_phase": "live", "bomb_countdown": null, "phase_ends_in": null, "connected": true}
{"t": "2026-08-11T17:04:26.257", "bomb_state": null, "round_phase": "live", "bomb_countdown": null, "phase_ends_in": null, "connected": true}
{"t": "2026-08-11T17:04:31.506", "bomb_state": null, "round_phase": "live", "bomb_countdown": null, "phase_ends_in": null, "connected": true}
{"t": "2026-08-11T17:04:37.527", "bomb_state": null, "round_phase": "live", "bomb_countdown": null, "phase_ends_in": null, "connected": true}
{"t": "2026-08-11T17:04:43.849", "bomb_state": null, "round_phase": "live", "bomb_countdown": null, "phase_ends_in": null, "connected": true}
{"t": "2026-08-11T17:04:50.012", "bomb_state": null, "round_phase": "live", "bomb_countdown": null, "phase_ends_in": null, "connected": true}
{"t": "2026-08-11T17:04:56.274", "bomb_state": null, "round_phase": "live", "bomb_countdown": null, "phase_ends_in": null, "connected": true}
{"t": "2026-08-11T17:05:01.828", "bomb_state": null, "round_phase": "live", "bomb_countdown": null, "phase_ends_in": null, "connected": true}
{"t": "2026-08-11T17:06:15.937", "bomb_state": null, "round_phase": "live", "bomb_countdown": null, "phase_ends_in": null, "connected": true, "pb_round_bomb": "<absent>", "pb_bomb_state": "<absent>"}
{"t": "2026-08-11T17:06:21.992", "bomb_state": null, "round_phase": "live", "bomb_countdown": null, "phase_ends_in": null, "connected": true, "pb_round_bomb": "<absent>", "pb_bomb_state": "<absent>"}
{"t": "2026-08-11T17:06:28.193", "bomb_state": null, "round_phase": "live", "bomb_countdown": null, "phase_ends_in": null, "connected": true, "pb_round_bomb": "<absent>", "pb_bomb_state": "<absent>"}
{"t": "2026-08-11T17:06:34.289", "bomb_state": null, "round_phase": "live", "bomb_countdown": null, "phase_ends_in": null, "connected": true, "pb_round_bomb": "<absent>", "pb_bomb_state": "<absent>"}
{"t": "2026-08-11T17:06:40.388", "bomb_state": null, "round_phase": "live", "bomb_countdown": null, "phase_ends_in": null, "connected": true, "pb_round_bomb": "<absent>", "pb_bomb_state": "<absent>"}
{"t": "2026-08-11T17:06:46.487", "bomb_state": null, "round_phase": "live", "bomb_countdown": null, "phase_ends_in": null, "connected": true, "pb_round_bomb": "<absent>", "pb_bomb_state": "<absent>"}
{"t": "2026-08-11T17:06:52.889", "bomb_state": null, "round_phase": "live", "bomb_countdown": null, "phase_ends_in": null, "connected": true, "pb_round_bomb": "<absent>", "pb_bomb_state": "<absent>"}
{"t": "2026-08-11T17:06:58.735", "bomb_state": null, "round_phase": "live", "bomb_countdown": null, "phase_ends_in": null, "connected": true, "pb_round_bomb": "<absent>", "pb_bomb_state": "<absent>"}
{"t": "2026-08-11T17:07:04.885", "bomb_state": null, "round_phase": "live", "bomb_countdown": null, "phase_ends_in": null, "connected": true, "pb_round_bomb": "<absent>", "pb_bomb_state": "<absent>"}
{"t": "2026-08-11T17:07:11.031", "bomb_state": null, "round_phase": "live", "bomb_countdown": null, "phase_ends_in": null, "connected": true, "pb_round_bomb": "<absent>", "pb_bomb_state": "<absent>"}
{"t": "2026-08-11T17:07:17.181", "bomb_state": null, "round_phase": "live", "bomb_countdown": null, "phase_ends_in": null, "connected": true, "pb_round_bomb": "<absent>", "pb_bomb_state": "<absent>"}
{"t": "2026-08-11T17:07:23.230", "bomb_state": null, "round_phase": "live", "bomb_countdown": null, "phase_ends_in": null, "connected": true, "pb_round_bomb": "<absent>", "pb_bomb_state": "<absent>"}
{"t": "2026-08-11T17:07:29.329", "bomb_state": null, "round_phase": "live", "bomb_countdown": null, "phase_ends_in": null, "connected": true, "pb_round_bomb": "<absent>", "pb_bomb_state": "<absent>"}
{"t": "2026-08-11T17:07:35.478", "bomb_state": null, "round_phase": "live", "bomb_countdown": null, "phase_ends_in": null, "connected": true, "pb_round_bomb": "<absent>", "pb_bomb_state": "<absent>"}
{"t": "2026-08-11T17:07:42.282", "bomb_state": null, "round_phase": "live", "bomb_countdown": null, "phase_ends_in": null, "connected": true, "pb_round_bomb": "<absent>", "pb_bomb_state": "<absent>"}
{"t": "2026-08-11T17:07:49.137", "bomb_state": null, "round_phase": "live", "bomb_countdown": null, "phase_ends_in": null, "connected": true, "pb_round_bomb": "<absent>", "pb_bomb_state": "<absent>"}
{"t": "2026-08-11T17:07:55.138", "bomb_state": null, "round_phase": "live", "bomb_countdown": null, "phase_ends_in": null, "connected": true, "pb_round_bomb": "<absent>", "pb_bomb_state": "<absent>"}
{"t": "2026-08-11T17:08:01.287", "bomb_state": null, "round_phase": "live", "bomb_countdown": null, "phase_ends_in": null, "connected": true, "pb_round_bomb": "<absent>", "pb_bomb_state": "<absent>"}
{"t": "2026-08-11T17:08:07.389", "bomb_state": null, "round_phase": "live", "bomb_countdown": null, "phase_ends_in": null, "connected": true, "pb_round_bomb": "<absent>", "pb_bomb_state": "<absent>"}
{"t": "2026-08-11T17:08:13.588", "bomb_state": null, "round_phase": "live", "bomb_countdown": null, "phase_ends_in": null, "connected": true, "pb_round_bomb": "<absent>", "pb_bomb_state": "<absent>"}
{"t": "2026-08-11T17:08:19.692", "bomb_state": null, "round_phase": "live", "bomb_countdown": null, "phase_ends_in": null, "connected": true, "pb_round_bomb": "<absent>", "pb_bomb_state": "<absent>"}
{"t": "2026-08-11T17:08:23.019", "bomb_state": null, "round_phase": "over", "bomb_countdown": null, "phase_ends_in": null, "connected": true, "pb_round_bomb": "<absent>", "pb_bomb_state": "<absent>"}
{"t": "2026-08-11T17:08:29.427", "bomb_state": null, "round_phase": "over", "bomb_countdown": null, "phase_ends_in": null, "connected": true, "pb_round_bomb": "<absent>", "pb_bomb_state": "<absent>"}
{"t": "2026-08-11T17:08:33.104", "bomb_state": null, "round_phase": "freezetime", "bomb_countdown": null, "phase_ends_in": null, "connected": true, "pb_round_bomb": "<absent>", "pb_bomb_state": "<absent>"}
{"t": "2026-08-11T17:08:38.048", "bomb_state": null, "round_phase": "live", "bomb_countdown": null, "phase_ends_in": null, "connected": true, "pb_round_bomb": "<absent>", "pb_bomb_state": "<absent>"}
{"t": "2026-08-11T17:08:44.756", "bomb_state": null, "round_phase": "live", "bomb_countdown": null, "phase_ends_in": null, "connected": true, "pb_round_bomb": "<absent>", "pb_bomb_state": "<absent>"}
{"t": "2026-08-11T17:08:50.808", "bomb_state": null, "round_phase": "live", "bomb_countdown": null, "phase_ends_in": null, "connected": true, "pb_round_bomb": "<absent>", "pb_bomb_state": "<absent>"}
{"t": "2026-08-11T17:08:56.904", "bomb_state": null, "round_phase": "live", "bomb_countdown": null, "phase_ends_in": null, "connected": true, "pb_round_bomb": "<absent>", "pb_bomb_state": "<absent>"}
{"t": "2026-08-11T17:09:02.603", "bomb_state": null, "round_phase": "live", "bomb_countdown": null, "phase_ends_in": null, "connected": true, "pb_round_bomb": "<absent>", "pb_bomb_state": "<absent>"}
{"t": "2026-08-11T17:09:08.699", "bomb_state": null, "round_phase": "live", "bomb_countdown": null, "phase_ends_in": null, "connected": true, "pb_round_bomb": "<absent>", "pb_bomb_state": "<absent>"}
{"t": "2026-08-11T17:09:15.451", "bomb_state": null, "round_phase": "live", "bomb_countdown": null, "phase_ends_in": null, "connected": true, "pb_round_bomb": "<absent>", "pb_bomb_state": "<absent>"}
{"t": "2026-08-11T17:09:21.908", "bomb_state": null, "round_phase": "live", "bomb_countdown": null, "phase_ends_in": null, "connected": true, "pb_round_bomb": "<absent>", "pb_bomb_state": "<absent>"}
{"t": "2026-08-11T17:09:28.108", "bomb_state": null, "round_phase": "live", "bomb_countdown": null, "phase_ends_in": null, "connected": true, "pb_round_bomb": "<absent>", "pb_bomb_state": "<absent>"}
{"t": "2026-08-11T17:09:34.165", "bomb_state": null, "round_phase": "live", "bomb_countdown": null, "phase_ends_in": null, "connected": true, "pb_round_bomb": "<absent>", "pb_bomb_state": "<absent>"}
{"t": "2026-08-11T17:09:40.365", "bomb_state": null, "round_phase": "live", "bomb_countdown": null, "phase_ends_in": null, "connected": true, "pb_round_bomb": "<absent>", "pb_bomb_state": "<absent>"}
{"t": "2026-08-11T17:09:46.463", "bomb_state": null, "round_phase": "live", "bomb_countdown": null, "phase_ends_in": null, "connected": true, "pb_round_bomb": "<absent>", "pb_bomb_state": "<absent>"}
{"t": "2026-08-11T17:09:51.704", "bomb_state": null, "round_phase": "over", "bomb_countdown": null, "phase_ends_in": null, "connected": true, "pb_round_bomb": "<absent>", "pb_bomb_state": "<absent>"}
{"t": "2026-08-11T17:09:57.754", "bomb_state": null, "round_phase": "over", "bomb_countdown": null, "phase_ends_in": null, "connected": true, "pb_round_bomb": "<absent>", "pb_bomb_state": "<absent>"}
{"t": "2026-08-11T17:10:01.787", "bomb_state": null, "round_phase": "freezetime", "bomb_countdown": null, "phase_ends_in": null, "connected": true, "pb_round_bomb": "<absent>", "pb_bomb_state": "<absent>"}
{"t": "2026-08-11T17:10:06.727", "bomb_state": null, "round_phase": "live", "bomb_countdown": null, "phase_ends_in": null, "connected": true, "pb_round_bomb": "<absent>", "pb_bomb_state": "<absent>"}
{"t": "2026-08-11T17:10:12.877", "bomb_state": null, "round_phase": "live", "bomb_countdown": null, "phase_ends_in": null, "connected": true, "pb_round_bomb": "<absent>", "pb_bomb_state": "<absent>"}
{"t": "2026-08-11T17:10:19.086", "bomb_state": null, "round_phase": "live", "bomb_countdown": null, "phase_ends_in": null, "connected": true, "pb_round_bomb": "<absent>", "pb_bomb_state": "<absent>"}
{"t": "2026-08-11T17:10:25.197", "bomb_state": null, "round_phase": "live", "bomb_countdown": null, "phase_ends_in": null, "connected": true, "pb_round_bomb": "<absent>", "pb_bomb_state": "<absent>"}
{"t": "2026-08-11T17:10:31.343", "bomb_state": null, "round_phase": "live", "bomb_countdown": null, "phase_ends_in": null, "connected": true, "pb_round_bomb": "<absent>", "pb_bomb_state": "<absent>"}
{"t": "2026-08-11T17:10:37.495", "bomb_state": null, "round_phase": "live", "bomb_countdown": null, "phase_ends_in": null, "connected": true, "pb_round_bomb": "<absent>", "pb_bomb_state": "<absent>"}
{"t": "2026-08-11T17:10:44.192", "bomb_state": null, "round_phase": "live", "bomb_countdown": null, "phase_ends_in": null, "connected": true, "pb_round_bomb": "<absent>", "pb_bomb_state": "<absent>"}
{"t": "2026-08-11T17:10:49.381", "bomb_state": null, "round_phase": "live", "bomb_countdown": null, "phase_ends_in": null, "connected": true, "pb_round_bomb": "<absent>", "pb_bomb_state": "<absent>"}
{"t": "2026-08-11T17:10:55.676", "bomb_state": null, "round_phase": "live", "bomb_countdown": null, "phase_ends_in": null, "connected": true, "pb_round_bomb": "<absent>", "pb_bomb_state": "<absent>"}
{"t": "2026-08-11T17:11:01.723", "bomb_state": null, "round_phase": "live", "bomb_countdown": null, "phase_ends_in": null, "connected": true, "pb_round_bomb": "planted", "pb_bomb_state": "<absent>"}
{"t": "2026-08-11T17:11:07.113", "bomb_state": null, "round_phase": "live", "bomb_countdown": null, "phase_ends_in": null, "connected": true, "pb_round_bomb": "planted", "pb_bomb_state": "<absent>"}
{"t": "2026-08-11T17:11:07.471", "bomb_state": null, "round_phase": "over", "bomb_countdown": null, "phase_ends_in": null, "connected": true, "pb_round_bomb": "defused", "pb_bomb_state": "<absent>"}
{"t": "2026-08-11T17:11:13.512", "bomb_state": null, "round_phase": "over", "bomb_countdown": null, "phase_ends_in": null, "connected": true, "pb_round_bomb": "defused", "pb_bomb_state": "<absent>"}
{"t": "2026-08-11T17:11:17.537", "bomb_state": null, "round_phase": "freezetime", "bomb_countdown": null, "phase_ends_in": null, "connected": true, "pb_round_bomb": "<absent>", "pb_bomb_state": "<absent>"}
{"t": "2026-08-11T17:11:22.465", "bomb_state": null, "round_phase": "live", "bomb_countdown": null, "phase_ends_in": null, "connected": true, "pb_round_bomb": "<absent>", "pb_bomb_state": "<absent>"}
{"t": "2026-08-11T17:11:29.406", "bomb_state": null, "round_phase": "live", "bomb_countdown": null, "phase_ends_in": null, "connected": true, "pb_round_bomb": "<absent>", "pb_bomb_state": "<absent>"}
{"t": "2026-08-11T17:11:35.487", "bomb_state": null, "round_phase": "live", "bomb_countdown": null, "phase_ends_in": null, "connected": true, "pb_round_bomb": "<absent>", "pb_bomb_state": "<absent>"}
{"t": "2026-08-11T17:11:41.020", "bomb_state": null, "round_phase": "live", "bomb_countdown": null, "phase_ends_in": null, "connected": true, "pb_round_bomb": "<absent>", "pb_bomb_state": "<absent>"}
{"t": "2026-08-11T17:11:47.517", "bomb_state": null, "round_phase": "live", "bomb_countdown": null, "phase_ends_in": null, "connected": true, "pb_round_bomb": "<absent>", "pb_bomb_state": "<absent>"}
{"t": "2026-08-11T17:11:53.147", "bomb_state": null, "round_phase": "live", "bomb_countdown": null, "phase_ends_in": null, "connected": true, "pb_round_bomb": "<absent>", "pb_bomb_state": "<absent>"}
{"t": "2026-08-11T17:11:59.337", "bomb_state": null, "round_phase": "live", "bomb_countdown": null, "phase_ends_in": null, "connected": true, "pb_round_bomb": "<absent>", "pb_bomb_state": "<absent>"}
{"t": "2026-08-11T17:12:05.723", "bomb_state": null, "round_phase": "live", "bomb_countdown": null, "phase_ends_in": null, "connected": true, "pb_round_bomb": "<absent>", "pb_bomb_state": "<absent>"}
{"t": "2026-08-11T17:12:10.954", "bomb_state": null, "round_phase": "live", "bomb_countdown": null, "phase_ends_in": null, "connected": true, "pb_round_bomb": "<absent>", "pb_bomb_state": "<absent>"}
{"t": "2026-08-11T17:12:16.038", "bomb_state": null, "round_phase": "live", "bomb_countdown": null, "phase_ends_in": null, "connected": true, "pb_round_bomb": "<absent>", "pb_bomb_state": "<absent>"}
{"t": "2026-08-11T17:12:21.224", "bomb_state": null, "round_phase": "live", "bomb_countdown": null, "phase_ends_in": null, "connected": true, "pb_round_bomb": "<absent>", "pb_bomb_state": "<absent>"}
{"t": "2026-08-11T17:12:27.054", "bomb_state": null, "round_phase": "live", "bomb_countdown": null, "phase_ends_in": null, "connected": true, "pb_round_bomb": "<absent>", "pb_bomb_state": "<absent>"}
{"t": "2026-08-11T17:12:27.810", "bomb_state": null, "round_phase": "over", "bomb_countdown": null, "phase_ends_in": null, "connected": true, "pb_round_bomb": "<absent>", "pb_bomb_state": "<absent>"}
{"t": "2026-08-11T17:12:33.845", "bomb_state": null, "round_phase": "over", "bomb_countdown": null, "phase_ends_in": null, "connected": true, "pb_round_bomb": "<absent>", "pb_bomb_state": "<absent>"}
{"t": "2026-08-11T17:12:37.915", "bomb_state": null, "round_phase": "freezetime", "bomb_countdown": null, "phase_ends_in": null, "connected": true, "pb_round_bomb": "<absent>", "pb_bomb_state": "<absent>"}
{"t": "2026-08-11T17:12:42.891", "bomb_state": null, "round_phase": "live", "bomb_countdown": null, "phase_ends_in": null, "connected": true, "pb_round_bomb": "<absent>", "pb_bomb_state": "<absent>"}
{"t": "2026-08-11T17:12:48.971", "bomb_state": null, "round_phase": "live", "bomb_countdown": null, "phase_ends_in": null, "connected": true, "pb_round_bomb": "<absent>", "pb_bomb_state": "<absent>"}
{"t": "2026-08-11T17:12:55.163", "bomb_state": null, "round_phase": "live", "bomb_countdown": null, "phase_ends_in": null, "connected": true, "pb_round_bomb": "<absent>", "pb_bomb_state": "<absent>"}
{"t": "2026-08-11T17:13:01.809", "bomb_state": null, "round_phase": "live", "bomb_countdown": null, "phase_ends_in": null, "connected": true, "pb_round_bomb": "<absent>", "pb_bomb_state": "<absent>"}
{"t": "2026-08-11T17:13:08.003", "bomb_state": null, "round_phase": "live", "bomb_countdown": null, "phase_ends_in": null, "connected": true, "pb_round_bomb": "<absent>", "pb_bomb_state": "<absent>"}
{"t": "2026-08-11T17:13:13.795", "bomb_state": null, "round_phase": "live", "bomb_countdown": null, "phase_ends_in": null, "connected": true, "pb_round_bomb": "<absent>", "pb_bomb_state": "<absent>"}
{"t": "2026-08-11T17:13:20.249", "bomb_state": null, "round_phase": "live", "bomb_countdown": null, "phase_ends_in": null, "connected": true, "pb_round_bomb": "<absent>", "pb_bomb_state": "<absent>"}
{"t": "2026-08-11T17:13:25.488", "bomb_state": null, "round_phase": "live", "bomb_countdown": null, "phase_ends_in": null, "connected": true, "pb_round_bomb": "<absent>", "pb_bomb_state": "<absent>"}
{"t": "2026-08-11T17:13:25.993", "bomb_state": null, "round_phase": "over", "bomb_countdown": null, "phase_ends_in": null, "connected": true, "pb_round_bomb": "<absent>", "pb_bomb_state": "<absent>"}
{"t": "2026-08-11T17:13:32.089", "bomb_state": null, "round_phase": "over", "bomb_countdown": null, "phase_ends_in": null, "connected": true, "pb_round_bomb": "<absent>", "pb_bomb_state": "<absent>"}
{"t": "2026-08-11T17:13:36.061", "bomb_state": null, "round_phase": "freezetime", "bomb_countdown": null, "phase_ends_in": null, "connected": true, "pb_round_bomb": "<absent>", "pb_bomb_state": "<absent>"}
{"t": "2026-08-11T17:13:40.991", "bomb_state": null, "round_phase": "live", "bomb_countdown": null, "phase_ends_in": null, "connected": true, "pb_round_bomb": "<absent>", "pb_bomb_state": "<absent>"}
{"t": "2026-08-11T17:13:47.126", "bomb_state": null, "round_phase": "live", "bomb_countdown": null, "phase_ends_in": null, "connected": true, "pb_round_bomb": "<absent>", "pb_bomb_state": "<absent>"}
{"t": "2026-08-11T17:13:52.658", "bomb_state": null, "round_phase": "live", "bomb_countdown": null, "phase_ends_in": null, "connected": true, "pb_round_bomb": "<absent>", "pb_bomb_state": "<absent>"}
{"t": "2026-08-11T17:13:59.599", "bomb_state": null, "round_phase": "live", "bomb_countdown": null, "phase_ends_in": null, "connected": true, "pb_round_bomb": "<absent>", "pb_bomb_state": "<absent>"}
{"t": "2026-08-11T17:14:05.841", "bomb_state": null, "round_phase": "live", "bomb_countdown": null, "phase_ends_in": null, "connected": true, "pb_round_bomb": "<absent>", "pb_bomb_state": "<absent>"}
{"t": "2026-08-11T17:14:11.924", "bomb_state": null, "round_phase": "live", "bomb_countdown": null, "phase_ends_in": null, "connected": true, "pb_round_bomb": "<absent>", "pb_bomb_state": "<absent>"}
{"t": "2026-08-11T17:14:18.112", "bomb_state": null, "round_phase": "live", "bomb_countdown": null, "phase_ends_in": null, "connected": true, "pb_round_bomb": "<absent>", "pb_bomb_state": "<absent>"}
{"t": "2026-08-11T17:14:24.301", "bomb_state": null, "round_phase": "live", "bomb_countdown": null, "phase_ends_in": null, "connected": true, "pb_round_bomb": "<absent>", "pb_bomb_state": "<absent>"}
{"t": "2026-08-11T17:14:30.341", "bomb_state": null, "round_phase": "live", "bomb_countdown": null, "phase_ends_in": null, "connected": true, "pb_round_bomb": "<absent>", "pb_bomb_state": "<absent>"}
{"t": "2026-08-11T17:14:36.533", "bomb_state": null, "round_phase": "live", "bomb_countdown": null, "phase_ends_in": null, "connected": true, "pb_round_bomb": "<absent>", "pb_bomb_state": "<absent>"}
{"t": "2026-08-11T17:14:42.619", "bomb_state": null, "round_phase": "live", "bomb_countdown": null, "phase_ends_in": null, "connected": true, "pb_round_bomb": "<absent>", "pb_bomb_state": "<absent>"}
{"t": "2026-08-11T17:14:49.164", "bomb_state": null, "round_phase": "live", "bomb_countdown": null, "phase_ends_in": null, "connected": true, "pb_round_bomb": "<absent>", "pb_bomb_state": "<absent>"}
{"t": "2026-08-11T17:14:51.135", "bomb_state": null, "round_phase": "over", "bomb_countdown": null, "phase_ends_in": null, "connected": true, "pb_round_bomb": "<absent>", "pb_bomb_state": "<absent>"}
{"t": "2026-08-11T17:14:57.221", "bomb_state": null, "round_phase": "over", "bomb_countdown": null, "phase_ends_in": null, "connected": true, "pb_round_bomb": "<absent>", "pb_bomb_state": "<absent>"}
{"t": "2026-08-11T17:15:01.196", "bomb_state": null, "round_phase": "freezetime", "bomb_countdown": null, "phase_ends_in": null, "connected": true, "pb_round_bomb": "<absent>", "pb_bomb_state": "<absent>"}
{"t": "2026-08-11T17:15:06.127", "bomb_state": null, "round_phase": "live", "bomb_countdown": null, "phase_ends_in": null, "connected": true, "pb_round_bomb": "<absent>", "pb_bomb_state": "<absent>"}
{"t": "2026-08-11T17:15:12.309", "bomb_state": null, "round_phase": "live", "bomb_countdown": null, "phase_ends_in": null, "connected": true, "pb_round_bomb": "<absent>", "pb_bomb_state": "<absent>"}
{"t": "2026-08-11T17:15:18.343", "bomb_state": null, "round_phase": "live", "bomb_countdown": null, "phase_ends_in": null, "connected": true, "pb_round_bomb": "<absent>", "pb_bomb_state": "<absent>"}
{"t": "2026-08-11T17:15:24.473", "bomb_state": null, "round_phase": "live", "bomb_countdown": null, "phase_ends_in": null, "connected": true, "pb_round_bomb": "<absent>", "pb_bomb_state": "<absent>"}
{"t": "2026-08-11T17:15:30.260", "bomb_state": null, "round_phase": "live", "bomb_countdown": null, "phase_ends_in": null, "connected": true, "pb_round_bomb": "<absent>", "pb_bomb_state": "<absent>"}
{"t": "2026-08-11T17:15:36.608", "bomb_state": null, "round_phase": "live", "bomb_countdown": null, "phase_ends_in": null, "connected": true, "pb_round_bomb": "<absent>", "pb_bomb_state": "<absent>"}
{"t": "2026-08-11T17:15:42.644", "bomb_state": null, "round_phase": "live", "bomb_countdown": null, "phase_ends_in": null, "connected": true, "pb_round_bomb": "<absent>", "pb_bomb_state": "<absent>"}
{"t": "2026-08-11T17:15:48.779", "bomb_state": null, "round_phase": "live", "bomb_countdown": null, "phase_ends_in": null, "connected": true, "pb_round_bomb": "<absent>", "pb_bomb_state": "<absent>"}
{"t": "2026-08-11T17:15:54.875", "bomb_state": null, "round_phase": "live", "bomb_countdown": null, "phase_ends_in": null, "connected": true, "pb_round_bomb": "<absent>", "pb_bomb_state": "<absent>"}
{"t": "2026-08-11T17:16:00.918", "bomb_state": null, "round_phase": "live", "bomb_countdown": null, "phase_ends_in": null, "connected": true, "pb_round_bomb": "<absent>", "pb_bomb_state": "<absent>"}
{"t": "2026-08-11T17:16:07.013", "bomb_state": null, "round_phase": "live", "bomb_countdown": null, "phase_ends_in": null, "connected": true, "pb_round_bomb": "<absent>", "pb_bomb_state": "<absent>"}
{"t": "2026-08-11T17:16:13.105", "bomb_state": null, "round_phase": "live", "bomb_countdown": null, "phase_ends_in": null, "connected": true, "pb_round_bomb": "<absent>", "pb_bomb_state": "<absent>"}
{"t": "2026-08-11T17:16:18.942", "bomb_state": null, "round_phase": "live", "bomb_countdown": null, "phase_ends_in": null, "connected": true, "pb_round_bomb": "<absent>", "pb_bomb_state": "<absent>"}
{"t": "2026-08-11T17:16:24.123", "bomb_state": null, "round_phase": "freezetime", "bomb_countdown": null, "phase_ends_in": null, "connected": true, "pb_round_bomb": "<absent>", "pb_bomb_state": "<absent>"}
{"t": "2026-08-11T17:16:29.759", "bomb_state": null, "round_phase": null, "bomb_countdown": null, "phase_ends_in": null, "connected": true, "pb_round_bomb": "<absent>", "pb_bomb_state": "<absent>"}
{"t": "2026-08-11T17:16:36.190", "bomb_state": null, "round_phase": null, "bomb_countdown": null, "phase_ends_in": null, "connected": true, "pb_round_bomb": "<absent>", "pb_bomb_state": "<absent>"}
{"t": "2026-08-11T17:16:42.422", "bomb_state": null, "round_phase": null, "bomb_countdown": null, "phase_ends_in": null, "connected": true, "pb_round_bomb": "<absent>", "pb_bomb_state": "<absent>"}
{"t": "2026-08-11T17:30:32.228", "bomb_state": null, "round_phase": null, "bomb_countdown": null, "phase_ends_in": null, "connected": true, "pb_round_bomb": "<absent>", "pb_bomb_state": "<absent>"}
{"t": "2026-08-11T17:30:38.093", "bomb_state": null, "round_phase": null, "bomb_countdown": null, "phase_ends_in": null, "connected": true, "pb_round_bomb": "<absent>", "pb_bomb_state": "<absent>"}
{"t": "2026-08-11T17:30:44.179", "bomb_state": null, "round_phase": null, "bomb_countdown": null, "phase_ends_in": null, "connected": true, "pb_round_bomb": "<absent>", "pb_bomb_state": "<absent>"}
{"t": "2026-08-11T17:31:08.552", "bomb_state": null, "round_phase": null, "bomb_countdown": null, "phase_ends_in": null, "connected": true, "pb_round_bomb": "<absent>", "pb_bomb_state": "<absent>"}
{"t": "2026-08-11T17:31:14.897", "bomb_state": null, "round_phase": null, "bomb_countdown": null, "phase_ends_in": null, "connected": true, "pb_round_bomb": "<absent>", "pb_bomb_state": "<absent>"}
{"t": "2026-08-11T17:31:21.118", "bomb_state": null, "round_phase": null, "bomb_countdown": null, "phase_ends_in": null, "connected": true, "pb_round_bomb": "<absent>", "pb_bomb_state": "<absent>"}
{"t": "2026-08-11T17:31:27.331", "bomb_state": null, "round_phase": null, "bomb_countdown": null, "phase_ends_in": null, "connected": true, "pb_round_bomb": "<absent>", "pb_bomb_state": "<absent>"}
{"t": "2026-08-11T17:31:33.494", "bomb_state": null, "round_phase": null, "bomb_countdown": null, "phase_ends_in": null, "connected": true, "pb_round_bomb": "<absent>", "pb_bomb_state": "<absent>"}
{"t": "2026-08-11T17:31:34.302", "bomb_state": null, "round_phase": "live", "bomb_countdown": null, "phase_ends_in": null, "connected": true, "pb_round_bomb": "<absent>", "pb_bomb_state": "<absent>"}
{"t": "2026-08-11T17:31:40.469", "bomb_state": null, "round_phase": "live", "bomb_countdown": null, "phase_ends_in": null, "connected": true, "pb_round_bomb": "<absent>", "pb_bomb_state": "<absent>"}
{"t": "2026-08-11T17:31:46.583", "bomb_state": null, "round_phase": "live", "bomb_countdown": null, "phase_ends_in": null, "connected": true, "pb_round_bomb": "<absent>", "pb_bomb_state": "<absent>"}
{"t": "2026-08-11T17:31:52.701", "bomb_state": null, "round_phase": "live", "bomb_countdown": null, "phase_ends_in": null, "connected": true, "pb_round_bomb": "<absent>", "pb_bomb_state": "<absent>"}
{"t": "2026-08-11T17:31:58.809", "bomb_state": null, "round_phase": "live", "bomb_countdown": null, "phase_ends_in": null, "connected": true, "pb_round_bomb": "planted", "pb_bomb_state": "<absent>"}
{"t": "2026-08-11T17:32:04.993", "bomb_state": null, "round_phase": "live", "bomb_countdown": null, "phase_ends_in": null, "connected": true, "pb_round_bomb": "planted", "pb_bomb_state": "<absent>"}
{"t": "2026-08-11T17:32:11.077", "bomb_state": null, "round_phase": "live", "bomb_countdown": null, "phase_ends_in": null, "connected": true, "pb_round_bomb": "planted", "pb_bomb_state": "<absent>"}
{"t": "2026-08-11T17:32:17.300", "bomb_state": null, "round_phase": "live", "bomb_countdown": null, "phase_ends_in": null, "connected": true, "pb_round_bomb": "planted", "pb_bomb_state": "<absent>"}
{"t": "2026-08-11T17:32:18.015", "bomb_state": null, "round_phase": "over", "bomb_countdown": null, "phase_ends_in": null, "connected": true, "pb_round_bomb": "defused", "pb_bomb_state": "<absent>"}
{"t": "2026-08-11T17:32:24.119", "bomb_state": null, "round_phase": "over", "bomb_countdown": null, "phase_ends_in": null, "connected": true, "pb_round_bomb": "defused", "pb_bomb_state": "<absent>"}
{"t": "2026-08-11T17:32:28.053", "bomb_state": null, "round_phase": "freezetime", "bomb_countdown": null, "phase_ends_in": null, "connected": true, "pb_round_bomb": "<absent>", "pb_bomb_state": "<absent>"}
{"t": "2026-08-11T17:32:33.046", "bomb_state": null, "round_phase": "live", "bomb_countdown": null, "phase_ends_in": null, "connected": true, "pb_round_bomb": "<absent>", "pb_bomb_state": "<absent>"}
{"t": "2026-08-11T17:32:39.101", "bomb_state": null, "round_phase": "live", "bomb_countdown": null, "phase_ends_in": null, "connected": true, "pb_round_bomb": "<absent>", "pb_bomb_state": "<absent>"}
{"t": "2026-08-11T17:32:45.152", "bomb_state": null, "round_phase": "live", "bomb_countdown": null, "phase_ends_in": null, "connected": true, "pb_round_bomb": "<absent>", "pb_bomb_state": "<absent>"}
{"t": "2026-08-11T17:32:51.255", "bomb_state": null, "round_phase": "live", "bomb_countdown": null, "phase_ends_in": null, "connected": true, "pb_round_bomb": "<absent>", "pb_bomb_state": "<absent>"}
{"t": "2026-08-11T17:32:57.421", "bomb_state": null, "round_phase": "live", "bomb_countdown": null, "phase_ends_in": null, "connected": true, "pb_round_bomb": "<absent>", "pb_bomb_state": "<absent>"}
{"t": "2026-08-11T17:33:03.476", "bomb_state": null, "round_phase": "live", "bomb_countdown": null, "phase_ends_in": null, "connected": true, "pb_round_bomb": "<absent>", "pb_bomb_state": "<absent>"}
{"t": "2026-08-11T17:33:09.585", "bomb_state": null, "round_phase": "live", "bomb_countdown": null, "phase_ends_in": null, "connected": true, "pb_round_bomb": "<absent>", "pb_bomb_state": "<absent>"}
{"t": "2026-08-11T17:33:15.744", "bomb_state": null, "round_phase": "live", "bomb_countdown": null, "phase_ends_in": null, "connected": true, "pb_round_bomb": "<absent>", "pb_bomb_state": "<absent>"}
{"t": "2026-08-11T17:33:21.851", "bomb_state": null, "round_phase": "live", "bomb_countdown": null, "phase_ends_in": null, "connected": true, "pb_round_bomb": "<absent>", "pb_bomb_state": "<absent>"}
{"t": "2026-08-11T17:33:27.306", "bomb_state": null, "round_phase": "live", "bomb_countdown": null, "phase_ends_in": null, "connected": true, "pb_round_bomb": "<absent>", "pb_bomb_state": "<absent>"}
{"t": "2026-08-11T17:33:33.369", "bomb_state": null, "round_phase": "live", "bomb_countdown": null, "phase_ends_in": null, "connected": true, "pb_round_bomb": "<absent>", "pb_bomb_state": "<absent>"}
{"t": "2026-08-11T17:33:39.777", "bomb_state": null, "round_phase": "live", "bomb_countdown": null, "phase_ends_in": null, "connected": true, "pb_round_bomb": "<absent>", "pb_bomb_state": "<absent>"}
{"t": "2026-08-11T17:33:45.225", "bomb_state": null, "round_phase": "live", "bomb_countdown": null, "phase_ends_in": null, "connected": true, "pb_round_bomb": "<absent>", "pb_bomb_state": "<absent>"}
{"t": "2026-08-11T17:33:51.221", "bomb_state": null, "round_phase": "live", "bomb_countdown": null, "phase_ends_in": null, "connected": true, "pb_round_bomb": "<absent>", "pb_bomb_state": "<absent>"}
{"t": "2026-08-11T17:33:57.327", "bomb_state": null, "round_phase": "live", "bomb_countdown": null, "phase_ends_in": null, "connected": true, "pb_round_bomb": "<absent>", "pb_bomb_state": "<absent>"}
{"t": "2026-08-11T17:34:02.566", "bomb_state": null, "round_phase": "live", "bomb_countdown": null, "phase_ends_in": null, "connected": true, "pb_round_bomb": "planted", "pb_bomb_state": "<absent>"}
{"t": "2026-08-11T17:34:08.683", "bomb_state": null, "round_phase": "live", "bomb_countdown": null, "phase_ends_in": null, "connected": true, "pb_round_bomb": "planted", "pb_bomb_state": "<absent>"}
{"t": "2026-08-11T17:34:14.846", "bomb_state": null, "round_phase": "live", "bomb_countdown": null, "phase_ends_in": null, "connected": true, "pb_round_bomb": "planted", "pb_bomb_state": "<absent>"}
{"t": "2026-08-11T17:34:20.289", "bomb_state": null, "round_phase": "over", "bomb_countdown": null, "phase_ends_in": null, "connected": true, "pb_round_bomb": "<absent>", "pb_bomb_state": "<absent>"}
{"t": "2026-08-11T17:34:26.395", "bomb_state": null, "round_phase": "over", "bomb_countdown": null, "phase_ends_in": null, "connected": true, "pb_round_bomb": "<absent>", "pb_bomb_state": "<absent>"}
{"t": "2026-08-11T17:34:30.331", "bomb_state": null, "round_phase": "freezetime", "bomb_countdown": null, "phase_ends_in": null, "connected": true, "pb_round_bomb": "<absent>", "pb_bomb_state": "<absent>"}
{"t": "2026-08-11T17:34:35.325", "bomb_state": null, "round_phase": "live", "bomb_countdown": null, "phase_ends_in": null, "connected": true, "pb_round_bomb": "<absent>", "pb_bomb_state": "<absent>"}
{"t": "2026-08-11T17:34:41.634", "bomb_state": null, "round_phase": "live", "bomb_countdown": null, "phase_ends_in": null, "connected": true, "pb_round_bomb": "<absent>", "pb_bomb_state": "<absent>"}
{"t": "2026-08-11T17:39:17.316", "bomb_state": null, "round_phase": "live", "bomb_countdown": null, "phase_ends_in": null, "connected": true, "pb_round_bomb": "<absent>", "pb_bomb_state": "<absent>"}
{"t": "2026-08-11T17:39:23.534", "bomb_state": null, "round_phase": "live", "bomb_countdown": null, "phase_ends_in": null, "connected": true, "pb_round_bomb": "<absent>", "pb_bomb_state": "<absent>"}
{"t": "2026-08-11T17:39:28.825", "bomb_state": null, "round_phase": "live", "bomb_countdown": null, "phase_ends_in": null, "connected": true, "pb_round_bomb": "<absent>", "pb_bomb_state": "<absent>"}
{"t": "2026-08-11T17:39:35.734", "bomb_state": null, "round_phase": "live", "bomb_countdown": null, "phase_ends_in": null, "connected": true, "pb_round_bomb": "<absent>", "pb_bomb_state": "<absent>"}
{"t": "2026-08-11T17:39:42.399", "bomb_state": null, "round_phase": "live", "bomb_countdown": null, "phase_ends_in": null, "connected": true, "pb_round_bomb": "<absent>", "pb_bomb_state": "<absent>"}
{"t": "2026-08-11T17:39:48.400", "bomb_state": null, "round_phase": "live", "bomb_countdown": null, "phase_ends_in": null, "connected": true, "pb_round_bomb": "<absent>", "pb_bomb_state": "<absent>"}
{"t": "2026-08-11T17:39:53.895", "bomb_state": null, "round_phase": "live", "bomb_countdown": null, "phase_ends_in": null, "connected": true, "pb_round_bomb": "<absent>", "pb_bomb_state": "<absent>"}
{"t": "2026-08-11T17:40:00.653", "bomb_state": null, "round_phase": "live", "bomb_countdown": null, "phase_ends_in": null, "connected": true, "pb_round_bomb": "<absent>", "pb_bomb_state": "<absent>"}
{"t": "2026-08-11T17:40:07.423", "bomb_state": null, "round_phase": "live", "bomb_countdown": null, "phase_ends_in": null, "connected": true, "pb_round_bomb": "<absent>", "pb_bomb_state": "<absent>"}
{"t": "2026-08-11T17:40:13.782", "bomb_state": null, "round_phase": "live", "bomb_countdown": null, "phase_ends_in": null, "connected": true, "pb_round_bomb": "<absent>", "pb_bomb_state": "<absent>"}
{"t": "2026-08-11T17:40:19.931", "bomb_state": null, "round_phase": "live", "bomb_countdown": null, "phase_ends_in": null, "connected": true, "pb_round_bomb": "<absent>", "pb_bomb_state": "<absent>"}
{"t": "2026-08-11T17:40:26.038", "bomb_state": null, "round_phase": "live", "bomb_countdown": null, "phase_ends_in": null, "connected": true, "pb_round_bomb": "<absent>", "pb_bomb_state": "<absent>"}
{"t": "2026-08-11T17:40:26.549", "bomb_state": null, "round_phase": "over", "bomb_countdown": null, "phase_ends_in": null, "connected": true, "pb_round_bomb": "<absent>", "pb_bomb_state": "<absent>"}
{"t": "2026-08-11T17:40:33.205", "bomb_state": null, "round_phase": "over", "bomb_countdown": null, "phase_ends_in": null, "connected": true, "pb_round_bomb": "<absent>", "pb_bomb_state": "<absent>"}
{"t": "2026-08-11T17:40:36.582", "bomb_state": null, "round_phase": "freezetime", "bomb_countdown": null, "phase_ends_in": null, "connected": true, "pb_round_bomb": "<absent>", "pb_bomb_state": "<absent>"}
{"t": "2026-08-11T17:40:41.636", "bomb_state": null, "round_phase": "live", "bomb_countdown": null, "phase_ends_in": null, "connected": true, "pb_round_bomb": "<absent>", "pb_bomb_state": "<absent>"}
{"t": "2026-08-11T17:40:48.455", "bomb_state": null, "round_phase": "live", "bomb_countdown": null, "phase_ends_in": null, "connected": true, "pb_round_bomb": "<absent>", "pb_bomb_state": "<absent>"}
{"t": "2026-08-11T17:40:54.662", "bomb_state": null, "round_phase": "live", "bomb_countdown": null, "phase_ends_in": null, "connected": true, "pb_round_bomb": "<absent>", "pb_bomb_state": "<absent>"}
{"t": "2026-08-11T17:41:00.817", "bomb_state": null, "round_phase": "live", "bomb_countdown": null, "phase_ends_in": null, "connected": true, "pb_round_bomb": "<absent>", "pb_bomb_state": "<absent>"}
{"t": "2026-08-11T17:41:06.980", "bomb_state": null, "round_phase": "live", "bomb_countdown": null, "phase_ends_in": null, "connected": true, "pb_round_bomb": "<absent>", "pb_bomb_state": "<absent>"}
{"t": "2026-08-11T17:41:12.783", "bomb_state": null, "round_phase": "live", "bomb_countdown": null, "phase_ends_in": null, "connected": true, "pb_round_bomb": "<absent>", "pb_bomb_state": "<absent>"}
{"t": "2026-08-11T17:41:18.987", "bomb_state": null, "round_phase": "live", "bomb_countdown": null, "phase_ends_in": null, "connected": true, "pb_round_bomb": "<absent>", "pb_bomb_state": "<absent>"}
{"t": "2026-08-11T17:41:25.042", "bomb_state": null, "round_phase": "live", "bomb_countdown": null, "phase_ends_in": null, "connected": true, "pb_round_bomb": "<absent>", "pb_bomb_state": "<absent>"}
{"t": "2026-08-11T17:41:31.197", "bomb_state": null, "round_phase": "live", "bomb_countdown": null, "phase_ends_in": null, "connected": true, "pb_round_bomb": "<absent>", "pb_bomb_state": "<absent>"}
{"t": "2026-08-11T17:41:37.252", "bomb_state": null, "round_phase": "live", "bomb_countdown": null, "phase_ends_in": null, "connected": true, "pb_round_bomb": "<absent>", "pb_bomb_state": "<absent>"}
{"t": "2026-08-11T17:41:43.356", "bomb_state": null, "round_phase": "live", "bomb_countdown": null, "phase_ends_in": null, "connected": true, "pb_round_bomb": "<absent>", "pb_bomb_state": "<absent>"}
{"t": "2026-08-11T17:41:49.504", "bomb_state": null, "round_phase": "live", "bomb_countdown": null, "phase_ends_in": null, "connected": true, "pb_round_bomb": "<absent>", "pb_bomb_state": "<absent>"}
{"t": "2026-08-11T17:41:55.663", "bomb_state": null, "round_phase": "live", "bomb_countdown": null, "phase_ends_in": null, "connected": true, "pb_round_bomb": "<absent>", "pb_bomb_state": "<absent>"}
{"t": "2026-08-11T17:42:01.765", "bomb_state": null, "round_phase": "live", "bomb_countdown": null, "phase_ends_in": null, "connected": true, "pb_round_bomb": "<absent>", "pb_bomb_state": "<absent>"}
{"t": "2026-08-11T17:42:07.919", "bomb_state": null, "round_phase": "live", "bomb_countdown": null, "phase_ends_in": null, "connected": true, "pb_round_bomb": "<absent>", "pb_bomb_state": "<absent>"}
{"t": "2026-08-11T17:42:14.024", "bomb_state": null, "round_phase": "live", "bomb_countdown": null, "phase_ends_in": null, "connected": true, "pb_round_bomb": "<absent>", "pb_bomb_state": "<absent>"}
{"t": "2026-08-11T17:42:20.437", "bomb_state": null, "round_phase": "live", "bomb_countdown": null, "phase_ends_in": null, "connected": true, "pb_round_bomb": "<absent>", "pb_bomb_state": "<absent>"}
{"t": "2026-08-11T17:42:25.743", "bomb_state": null, "round_phase": "over", "bomb_countdown": null, "phase_ends_in": null, "connected": true, "pb_round_bomb": "<absent>", "pb_bomb_state": "<absent>"}
{"t": "2026-08-11T17:42:31.895", "bomb_state": null, "round_phase": "over", "bomb_countdown": null, "phase_ends_in": null, "connected": true, "pb_round_bomb": "<absent>", "pb_bomb_state": "<absent>"}
{"t": "2026-08-11T17:42:35.835", "bomb_state": null, "round_phase": "freezetime", "bomb_countdown": null, "phase_ends_in": null, "connected": true, "pb_round_bomb": "<absent>", "pb_bomb_state": "<absent>"}
{"t": "2026-08-11T17:42:40.778", "bomb_state": null, "round_phase": "live", "bomb_countdown": null, "phase_ends_in": null, "connected": true, "pb_round_bomb": "<absent>", "pb_bomb_state": "<absent>"}
{"t": "2026-08-11T17:42:46.932", "bomb_state": null, "round_phase": "live", "bomb_countdown": null, "phase_ends_in": null, "connected": true, "pb_round_bomb": "<absent>", "pb_bomb_state": "<absent>"}
{"t": "2026-08-11T17:42:53.336", "bomb_state": null, "round_phase": "live", "bomb_countdown": null, "phase_ends_in": null, "connected": true, "pb_round_bomb": "<absent>", "pb_bomb_state": "<absent>"}
{"t": "2026-08-11T17:42:59.185", "bomb_state": null, "round_phase": "live", "bomb_countdown": null, "phase_ends_in": null, "connected": true, "pb_round_bomb": "<absent>", "pb_bomb_state": "<absent>"}
{"t": "2026-08-11T17:43:05.344", "bomb_state": null, "round_phase": "live", "bomb_countdown": null, "phase_ends_in": null, "connected": true, "pb_round_bomb": "<absent>", "pb_bomb_state": "<absent>"}
{"t": "2026-08-11T17:43:11.449", "bomb_state": null, "round_phase": "live", "bomb_countdown": null, "phase_ends_in": null, "connected": true, "pb_round_bomb": "<absent>", "pb_bomb_state": "<absent>"}
{"t": "2026-08-11T17:43:16.958", "bomb_state": null, "round_phase": "live", "bomb_countdown": null, "phase_ends_in": null, "connected": true, "pb_round_bomb": "<absent>", "pb_bomb_state": "<absent>"}
{"t": "2026-08-11T17:43:22.708", "bomb_state": null, "round_phase": "live", "bomb_countdown": null, "phase_ends_in": null, "connected": true, "pb_round_bomb": "<absent>", "pb_bomb_state": "<absent>"}
{"t": "2026-08-11T17:43:27.857", "bomb_state": null, "round_phase": "live", "bomb_countdown": null, "phase_ends_in": null, "connected": true, "pb_round_bomb": "<absent>", "pb_bomb_state": "<absent>"}
{"t": "2026-08-11T17:43:30.331", "bomb_state": null, "round_phase": "freezetime", "bomb_countdown": null, "phase_ends_in": null, "connected": true, "pb_round_bomb": "<absent>", "pb_bomb_state": "<absent>"}
{"t": "2026-08-11T17:43:32.601", "bomb_state": null, "round_phase": null, "bomb_countdown": null, "phase_ends_in": null, "connected": true, "pb_round_bomb": "<absent>", "pb_bomb_state": "<absent>"}
{"t": "2026-08-11T17:43:38.746", "bomb_state": null, "round_phase": null, "bomb_countdown": null, "phase_ends_in": null, "connected": true, "pb_round_bomb": "<absent>", "pb_bomb_state": "<absent>"}
{"t": "2026-08-11T17:43:44.930", "bomb_state": null, "round_phase": null, "bomb_countdown": null, "phase_ends_in": null, "connected": true, "pb_round_bomb": "<absent>", "pb_bomb_state": "<absent>"}
{"t": "2026-08-11T17:43:51.200", "bomb_state": null, "round_phase": null, "bomb_countdown": null, "phase_ends_in": null, "connected": true, "pb_round_bomb": "<absent>", "pb_bomb_state": "<absent>"}
{"t": "2026-08-11T17:43:57.453", "bomb_state": null, "round_phase": null, "bomb_countdown": null, "phase_ends_in": null, "connected": true, "pb_round_bomb": "<absent>", "pb_bomb_state": "<absent>"}
{"t": "2026-08-11T17:44:03.556", "bomb_state": null, "round_phase": null, "bomb_countdown": null, "phase_ends_in": null, "connected": true, "pb_round_bomb": "<absent>", "pb_bomb_state": "<absent>"}
{"t": "2026-08-11T17:44:09.816", "bomb_state": null, "round_phase": null, "bomb_countdown": null, "phase_ends_in": null, "connected": true, "pb_round_bomb": "<absent>", "pb_bomb_state": "<absent>"}
{"t": "2026-08-11T17:44:15.975", "bomb_state": null, "round_phase": null, "bomb_countdown": null, "phase_ends_in": null, "connected": true, "pb_round_bomb": "<absent>", "pb_bomb_state": "<absent>"}
{"t": "2026-08-11T17:44:22.182", "bomb_state": null, "round_phase": null, "bomb_countdown": null, "phase_ends_in": null, "connected": true, "pb_round_bomb": "<absent>", "pb_bomb_state": "<absent>"}
{"t": "2026-08-11T17:44:28.387", "bomb_state": null, "round_phase": null, "bomb_countdown": null, "phase_ends_in": null, "connected": true, "pb_round_bomb": "<absent>", "pb_bomb_state": "<absent>"}
{"t": "2026-08-11T17:44:34.594", "bomb_state": null, "round_phase": null, "bomb_countdown": null, "phase_ends_in": null, "connected": true, "pb_round_bomb": "<absent>", "pb_bomb_state": "<absent>"}
{"t": "2026-08-11T17:44:40.751", "bomb_state": null, "round_phase": null, "bomb_countdown": null, "phase_ends_in": null, "connected": true, "pb_round_bomb": "<absent>", "pb_bomb_state": "<absent>"}
{"t": "2026-08-11T17:44:47.214", "bomb_state": null, "round_phase": null, "bomb_countdown": null, "phase_ends_in": null, "connected": true, "pb_round_bomb": "<absent>", "pb_bomb_state": "<absent>"}
{"t": "2026-08-11T17:44:53.423", "bomb_state": null, "round_phase": null, "bomb_countdown": null, "phase_ends_in": null, "connected": true, "pb_round_bomb": "<absent>", "pb_bomb_state": "<absent>"}
{"t": "2026-08-11T17:44:59.472", "bomb_state": null, "round_phase": null, "bomb_countdown": null, "phase_ends_in": null, "connected": true, "pb_round_bomb": "<absent>", "pb_bomb_state": "<absent>"}
{"t": "2026-08-11T17:46:26.420", "bomb_state": null, "round_phase": null, "bomb_countdown": null, "phase_ends_in": null, "connected": true, "pb_round_bomb": "<absent>", "pb_bomb_state": "<absent>"}
{"t": "2026-08-11T17:46:32.694", "bomb_state": null, "round_phase": null, "bomb_countdown": null, "phase_ends_in": null, "connected": true, "pb_round_bomb": "<absent>", "pb_bomb_state": "<absent>"}
{"t": "2026-08-11T17:46:38.945", "bomb_state": null, "round_phase": null, "bomb_countdown": null, "phase_ends_in": null, "connected": true, "pb_round_bomb": "<absent>", "pb_bomb_state": "<absent>"}
{"t": "2026-08-11T17:46:45.147", "bomb_state": null, "round_phase": null, "bomb_countdown": null, "phase_ends_in": null, "connected": true, "pb_round_bomb": "<absent>", "pb_bomb_state": "<absent>"}
{"t": "2026-08-11T17:46:51.293", "bomb_state": null, "round_phase": null, "bomb_countdown": null, "phase_ends_in": null, "connected": true, "pb_round_bomb": "<absent>", "pb_bomb_state": "<absent>"}
{"t": "2026-08-11T17:46:57.400", "bomb_state": null, "round_phase": null, "bomb_countdown": null, "phase_ends_in": null, "connected": true, "pb_round_bomb": "<absent>", "pb_bomb_state": "<absent>"}
{"t": "2026-08-11T17:47:02.746", "bomb_state": null, "round_phase": null, "bomb_countdown": null, "phase_ends_in": null, "connected": true, "pb_round_bomb": "<absent>", "pb_bomb_state": "<absent>"}
{"t": "2026-08-11T17:47:09.161", "bomb_state": null, "round_phase": null, "bomb_countdown": null, "phase_ends_in": null, "connected": true, "pb_round_bomb": "<absent>", "pb_bomb_state": "<absent>"}
{"t": "2026-08-11T17:47:15.326", "bomb_state": null, "round_phase": null, "bomb_countdown": null, "phase_ends_in": null, "connected": true, "pb_round_bomb": "<absent>", "pb_bomb_state": "<absent>"}
{"t": "2026-08-11T17:47:21.492", "bomb_state": null, "round_phase": null, "bomb_countdown": null, "phase_ends_in": null, "connected": true, "pb_round_bomb": "<absent>", "pb_bomb_state": "<absent>"}
{"t": "2026-08-11T17:47:27.550", "bomb_state": null, "round_phase": null, "bomb_countdown": null, "phase_ends_in": null, "connected": true, "pb_round_bomb": "<absent>", "pb_bomb_state": "<absent>"}
{"t": "2026-08-11T17:47:33.558", "bomb_state": null, "round_phase": null, "bomb_countdown": null, "phase_ends_in": null, "connected": true, "pb_round_bomb": "<absent>", "pb_bomb_state": "<absent>"}
{"t": "2026-08-11T17:47:39.205", "bomb_state": null, "round_phase": null, "bomb_countdown": null, "phase_ends_in": null, "connected": true, "pb_round_bomb": "<absent>", "pb_bomb_state": "<absent>"}
{"t": "2026-08-11T17:47:44.552", "bomb_state": null, "round_phase": null, "bomb_countdown": null, "phase_ends_in": null, "connected": true, "pb_round_bomb": "<absent>", "pb_bomb_state": "<absent>"}
{"t": "2026-08-11T17:47:50.660", "bomb_state": null, "round_phase": null, "bomb_countdown": null, "phase_ends_in": null, "connected": true, "pb_round_bomb": "<absent>", "pb_bomb_state": "<absent>"}
{"t": "2026-08-11T17:47:56.870", "bomb_state": null, "round_phase": null, "bomb_countdown": null, "phase_ends_in": null, "connected": true, "pb_round_bomb": "<absent>", "pb_bomb_state": "<absent>"}
{"t": "2026-08-11T17:48:02.923", "bomb_state": null, "round_phase": null, "bomb_countdown": null, "phase_ends_in": null, "connected": true, "pb_round_bomb": "<absent>", "pb_bomb_state": "<absent>"}
{"t": "2026-08-11T17:53:00.367", "bomb_state": null, "round_phase": "live", "bomb_countdown": null, "phase_ends_in": null, "connected": true, "pb_round_bomb": "<absent>", "pb_bomb_state": "<absent>"}
{"t": "2026-08-11T17:53:05.683", "bomb_state": null, "round_phase": "live", "bomb_countdown": null, "phase_ends_in": null, "connected": true, "pb_round_bomb": "<absent>", "pb_bomb_state": "<absent>"}
{"t": "2026-08-11T17:53:12.699", "bomb_state": null, "round_phase": "live", "bomb_countdown": null, "phase_ends_in": null, "connected": true, "pb_round_bomb": "<absent>", "pb_bomb_state": "<absent>"}
{"t": "2026-08-11T17:53:18.866", "bomb_state": null, "round_phase": "live", "bomb_countdown": null, "phase_ends_in": null, "connected": true, "pb_round_bomb": "<absent>", "pb_bomb_state": "<absent>"}
{"t": "2026-08-11T17:53:24.978", "bomb_state": null, "round_phase": "live", "bomb_countdown": null, "phase_ends_in": null, "connected": true, "pb_round_bomb": "<absent>", "pb_bomb_state": "<absent>"}
{"t": "2026-08-11T17:53:31.602", "bomb_state": null, "round_phase": "live", "bomb_countdown": null, "phase_ends_in": null, "connected": true, "pb_round_bomb": "<absent>", "pb_bomb_state": "<absent>"}
{"t": "2026-08-11T17:53:37.711", "bomb_state": null, "round_phase": "live", "bomb_countdown": null, "phase_ends_in": null, "connected": true, "pb_round_bomb": "<absent>", "pb_bomb_state": "<absent>"}
{"t": "2026-08-11T17:53:43.923", "bomb_state": null, "round_phase": "live", "bomb_countdown": null, "phase_ends_in": null, "connected": true, "pb_round_bomb": "<absent>", "pb_bomb_state": "<absent>"}
{"t": "2026-08-11T17:53:50.086", "bomb_state": null, "round_phase": "live", "bomb_countdown": null, "phase_ends_in": null, "connected": true, "pb_round_bomb": "<absent>", "pb_bomb_state": "<absent>"}
{"t": "2026-08-11T17:53:55.831", "bomb_state": null, "round_phase": "live", "bomb_countdown": null, "phase_ends_in": null, "connected": true, "pb_round_bomb": "<absent>", "pb_bomb_state": "<absent>"}
{"t": "2026-08-11T17:54:02.135", "bomb_state": null, "round_phase": "live", "bomb_countdown": null, "phase_ends_in": null, "connected": true, "pb_round_bomb": "<absent>", "pb_bomb_state": "<absent>"}
{"t": "2026-08-11T17:54:02.388", "bomb_state": null, "round_phase": "over", "bomb_countdown": null, "phase_ends_in": null, "connected": true, "pb_round_bomb": "<absent>", "pb_bomb_state": "<absent>"}
{"t": "2026-08-11T17:54:08.805", "bomb_state": null, "round_phase": "over", "bomb_countdown": null, "phase_ends_in": null, "connected": true, "pb_round_bomb": "<absent>", "pb_bomb_state": "<absent>"}
{"t": "2026-08-11T17:54:12.487", "bomb_state": null, "round_phase": "freezetime", "bomb_countdown": null, "phase_ends_in": null, "connected": true, "pb_round_bomb": "<absent>", "pb_bomb_state": "<absent>"}
{"t": "2026-08-11T17:54:17.331", "bomb_state": null, "round_phase": "live", "bomb_countdown": null, "phase_ends_in": null, "connected": true, "pb_round_bomb": "<absent>", "pb_bomb_state": "<absent>"}
{"t": "2026-08-11T17:54:23.442", "bomb_state": null, "round_phase": "live", "bomb_countdown": null, "phase_ends_in": null, "connected": true, "pb_round_bomb": "<absent>", "pb_bomb_state": "<absent>"}
{"t": "2026-08-11T17:54:29.609", "bomb_state": null, "round_phase": "live", "bomb_countdown": null, "phase_ends_in": null, "connected": true, "pb_round_bomb": "<absent>", "pb_bomb_state": "<absent>"}
{"t": "2026-08-11T17:54:35.734", "bomb_state": null, "round_phase": "live", "bomb_countdown": null, "phase_ends_in": null, "connected": true, "pb_round_bomb": "<absent>", "pb_bomb_state": "<absent>"}
{"t": "2026-08-11T17:54:41.896", "bomb_state": null, "round_phase": "live", "bomb_countdown": null, "phase_ends_in": null, "connected": true, "pb_round_bomb": "<absent>", "pb_bomb_state": "<absent>"}
{"t": "2026-08-11T17:54:48.003", "bomb_state": null, "round_phase": "live", "bomb_countdown": null, "phase_ends_in": null, "connected": true, "pb_round_bomb": "<absent>", "pb_bomb_state": "<absent>"}
{"t": "2026-08-11T17:54:54.163", "bomb_state": null, "round_phase": "live", "bomb_countdown": null, "phase_ends_in": null, "connected": true, "pb_round_bomb": "<absent>", "pb_bomb_state": "<absent>"}
{"t": "2026-08-11T17:55:00.335", "bomb_state": null, "round_phase": "live", "bomb_countdown": null, "phase_ends_in": null, "connected": true, "pb_round_bomb": "<absent>", "pb_bomb_state": "<absent>"}
{"t": "2026-08-11T17:55:06.401", "bomb_state": null, "round_phase": "live", "bomb_countdown": null, "phase_ends_in": null, "connected": true, "pb_round_bomb": "<absent>", "pb_bomb_state": "<absent>"}
{"t": "2026-08-11T17:55:13.415", "bomb_state": null, "round_phase": "live", "bomb_countdown": null, "phase_ends_in": null, "connected": true, "pb_round_bomb": "<absent>", "pb_bomb_state": "<absent>"}
{"t": "2026-08-11T17:55:19.372", "bomb_state": null, "round_phase": "live", "bomb_countdown": null, "phase_ends_in": null, "connected": true, "pb_round_bomb": "<absent>", "pb_bomb_state": "<absent>"}
{"t": "2026-08-11T17:55:23.879", "bomb_state": null, "round_phase": null, "bomb_countdown": null, "phase_ends_in": null, "connected": true, "pb_round_bomb": "<absent>", "pb_bomb_state": "<absent>"}
{"t": "2026-08-11T17:55:30.035", "bomb_state": null, "round_phase": null, "bomb_countdown": null, "phase_ends_in": null, "connected": true, "pb_round_bomb": "<absent>", "pb_bomb_state": "<absent>"}
{"t": "2026-08-11T17:55:36.285", "bomb_state": null, "round_phase": null, "bomb_countdown": null, "phase_ends_in": null, "connected": true, "pb_round_bomb": "<absent>", "pb_bomb_state": "<absent>"}
{"t": "2026-08-11T17:55:42.335", "bomb_state": null, "round_phase": null, "bomb_countdown": null, "phase_ends_in": null, "connected": true, "pb_round_bomb": "<absent>", "pb_bomb_state": "<absent>"}
{"t": "2026-08-11T17:55:46.332", "bomb_state": null, "round_phase": "live", "bomb_countdown": null, "phase_ends_in": null, "connected": true, "pb_round_bomb": "<absent>", "pb_bomb_state": "<absent>"}
{"t": "2026-08-11T17:55:52.954", "bomb_state": null, "round_phase": "live", "bomb_countdown": null, "phase_ends_in": null, "connected": true, "pb_round_bomb": "planted", "pb_bomb_state": "<absent>"}
{"t": "2026-08-11T17:55:59.019", "bomb_state": null, "round_phase": "live", "bomb_countdown": null, "phase_ends_in": null, "connected": true, "pb_round_bomb": "planted", "pb_bomb_state": "<absent>"}
{"t": "2026-08-11T17:56:04.783", "bomb_state": null, "round_phase": "live", "bomb_countdown": null, "phase_ends_in": null, "connected": true, "pb_round_bomb": "planted", "pb_bomb_state": "<absent>"}
{"t": "2026-08-11T17:56:10.859", "bomb_state": null, "round_phase": "live", "bomb_countdown": null, "phase_ends_in": null, "connected": true, "pb_round_bomb": "planted", "pb_bomb_state": "<absent>"}
{"t": "2026-08-11T17:56:17.286", "bomb_state": null, "round_phase": "live", "bomb_countdown": null, "phase_ends_in": null, "connected": true, "pb_round_bomb": "planted", "pb_bomb_state": "<absent>"}
{"t": "2026-08-11T17:56:18.058", "bomb_state": null, "round_phase": "over", "bomb_countdown": null, "phase_ends_in": null, "connected": true, "pb_round_bomb": "<absent>", "pb_bomb_state": "<absent>"}
{"t": "2026-08-11T17:56:24.220", "bomb_state": null, "round_phase": "over", "bomb_countdown": null, "phase_ends_in": null, "connected": true, "pb_round_bomb": "<absent>", "pb_bomb_state": "<absent>"}
{"t": "2026-08-11T17:56:28.222", "bomb_state": null, "round_phase": "freezetime", "bomb_countdown": null, "phase_ends_in": null, "connected": true, "pb_round_bomb": "<absent>", "pb_bomb_state": "<absent>"}
{"t": "2026-08-11T17:56:33.132", "bomb_state": null, "round_phase": "live", "bomb_countdown": null, "phase_ends_in": null, "connected": true, "pb_round_bomb": "<absent>", "pb_bomb_state": "<absent>"}
{"t": "2026-08-11T17:56:38.340", "bomb_state": null, "round_phase": "live", "bomb_countdown": null, "phase_ends_in": null, "connected": true, "pb_round_bomb": "<absent>", "pb_bomb_state": "<absent>"}
{"t": "2026-08-11T17:56:45.159", "bomb_state": null, "round_phase": "live", "bomb_countdown": null, "phase_ends_in": null, "connected": true, "pb_round_bomb": "<absent>", "pb_bomb_state": "<absent>"}
{"t": "2026-08-11T17:56:51.417", "bomb_state": null, "round_phase": "live", "bomb_countdown": null, "phase_ends_in": null, "connected": true, "pb_round_bomb": "<absent>", "pb_bomb_state": "<absent>"}
{"t": "2026-08-11T17:56:56.420", "bomb_state": null, "round_phase": "live", "bomb_countdown": null, "phase_ends_in": null, "connected": true, "pb_round_bomb": "<absent>", "pb_bomb_state": "<absent>"}
{"t": "2026-08-11T17:57:01.576", "bomb_state": null, "round_phase": "live", "bomb_countdown": null, "phase_ends_in": null, "connected": true, "pb_round_bomb": "<absent>", "pb_bomb_state": "<absent>"}
{"t": "2026-08-11T17:57:07.379", "bomb_state": null, "round_phase": "live", "bomb_countdown": null, "phase_ends_in": null, "connected": true, "pb_round_bomb": "<absent>", "pb_bomb_state": "<absent>"}
{"t": "2026-08-11T17:57:13.085", "bomb_state": null, "round_phase": "live", "bomb_countdown": null, "phase_ends_in": null, "connected": true, "pb_round_bomb": "<absent>", "pb_bomb_state": "<absent>"}
{"t": "2026-08-11T17:57:18.287", "bomb_state": null, "round_phase": "live", "bomb_countdown": null, "phase_ends_in": null, "connected": true, "pb_round_bomb": "<absent>", "pb_bomb_state": "<absent>"}
{"t": "2026-08-11T17:57:24.394", "bomb_state": null, "round_phase": "live", "bomb_countdown": null, "phase_ends_in": null, "connected": true, "pb_round_bomb": "<absent>", "pb_bomb_state": "<absent>"}
{"t": "2026-08-11T17:57:30.574", "bomb_state": null, "round_phase": "live", "bomb_countdown": null, "phase_ends_in": null, "connected": true, "pb_round_bomb": "<absent>", "pb_bomb_state": "<absent>"}
{"t": "2026-08-11T17:57:36.954", "bomb_state": null, "round_phase": "live", "bomb_countdown": null, "phase_ends_in": null, "connected": true, "pb_round_bomb": "<absent>", "pb_bomb_state": "<absent>"}
{"t": "2026-08-11T17:57:43.054", "bomb_state": null, "round_phase": "live", "bomb_countdown": null, "phase_ends_in": null, "connected": true, "pb_round_bomb": "<absent>", "pb_bomb_state": "<absent>"}
{"t": "2026-08-11T17:57:49.207", "bomb_state": null, "round_phase": "live", "bomb_countdown": null, "phase_ends_in": null, "connected": true, "pb_round_bomb": "<absent>", "pb_bomb_state": "<absent>"}
{"t": "2026-08-11T17:57:55.313", "bomb_state": null, "round_phase": "live", "bomb_countdown": null, "phase_ends_in": null, "connected": true, "pb_round_bomb": "<absent>", "pb_bomb_state": "<absent>"}
{"t": "2026-08-11T17:58:02.072", "bomb_state": null, "round_phase": "live", "bomb_countdown": null, "phase_ends_in": null, "connected": true, "pb_round_bomb": "<absent>", "pb_bomb_state": "<absent>"}
{"t": "2026-08-11T17:58:08.182", "bomb_state": null, "round_phase": "live", "bomb_countdown": null, "phase_ends_in": null, "connected": true, "pb_round_bomb": "<absent>", "pb_bomb_state": "<absent>"}
{"t": "2026-08-11T17:58:14.299", "bomb_state": null, "round_phase": "live", "bomb_countdown": null, "phase_ends_in": null, "connected": true, "pb_round_bomb": "<absent>", "pb_bomb_state": "<absent>"}
{"t": "2026-08-11T17:58:19.089", "bomb_state": null, "round_phase": "over", "bomb_countdown": null, "phase_ends_in": null, "connected": true, "pb_round_bomb": "<absent>", "pb_bomb_state": "<absent>"}
{"t": "2026-08-11T17:58:25.144", "bomb_state": null, "round_phase": "over", "bomb_countdown": null, "phase_ends_in": null, "connected": true, "pb_round_bomb": "<absent>", "pb_bomb_state": "<absent>"}
{"t": "2026-08-11T17:58:29.191", "bomb_state": null, "round_phase": "freezetime", "bomb_countdown": null, "phase_ends_in": null, "connected": true, "pb_round_bomb": "<absent>", "pb_bomb_state": "<absent>"}
{"t": "2026-08-11T17:58:34.139", "bomb_state": null, "round_phase": "live", "bomb_countdown": null, "phase_ends_in": null, "connected": true, "pb_round_bomb": "<absent>", "pb_bomb_state": "<absent>"}
{"t": "2026-08-11T17:58:39.744", "bomb_state": null, "round_phase": "live", "bomb_countdown": null, "phase_ends_in": null, "connected": true, "pb_round_bomb": "<absent>", "pb_bomb_state": "<absent>"}
{"t": "2026-08-11T17:58:46.260", "bomb_state": null, "round_phase": "live", "bomb_countdown": null, "phase_ends_in": null, "connected": true, "pb_round_bomb": "<absent>", "pb_bomb_state": "<absent>"}
{"t": "2026-08-11T17:58:51.372", "bomb_state": null, "round_phase": "live", "bomb_countdown": null, "phase_ends_in": null, "connected": true, "pb_round_bomb": "<absent>", "pb_bomb_state": "<absent>"}
{"t": "2026-08-11T17:58:57.482", "bomb_state": null, "round_phase": "live", "bomb_countdown": null, "phase_ends_in": null, "connected": true, "pb_round_bomb": "<absent>", "pb_bomb_state": "<absent>"}
{"t": "2026-08-11T17:59:03.551", "bomb_state": null, "round_phase": "live", "bomb_countdown": null, "phase_ends_in": null, "connected": true, "pb_round_bomb": "<absent>", "pb_bomb_state": "<absent>"}
{"t": "2026-08-11T17:59:09.715", "bomb_state": null, "round_phase": "live", "bomb_countdown": null, "phase_ends_in": null, "connected": true, "pb_round_bomb": "<absent>", "pb_bomb_state": "<absent>"}
{"t": "2026-08-11T17:59:15.021", "bomb_state": null, "round_phase": "live", "bomb_countdown": null, "phase_ends_in": null, "connected": true, "pb_round_bomb": "<absent>", "pb_bomb_state": "<absent>"}
{"t": "2026-08-11T17:59:21.182", "bomb_state": null, "round_phase": "live", "bomb_countdown": null, "phase_ends_in": null, "connected": true, "pb_round_bomb": "<absent>", "pb_bomb_state": "<absent>"}
{"t": "2026-08-11T17:59:27.247", "bomb_state": null, "round_phase": "live", "bomb_countdown": null, "phase_ends_in": null, "connected": true, "pb_round_bomb": "<absent>", "pb_bomb_state": "<absent>"}
{"t": "2026-08-11T17:59:33.409", "bomb_state": null, "round_phase": "live", "bomb_countdown": null, "phase_ends_in": null, "connected": true, "pb_round_bomb": "<absent>", "pb_bomb_state": "<absent>"}
{"t": "2026-08-11T17:59:39.418", "bomb_state": null, "round_phase": "live", "bomb_countdown": null, "phase_ends_in": null, "connected": true, "pb_round_bomb": "<absent>", "pb_bomb_state": "<absent>"}
{"t": "2026-08-11T17:59:45.543", "bomb_state": null, "round_phase": "live", "bomb_countdown": null, "phase_ends_in": null, "connected": true, "pb_round_bomb": "<absent>", "pb_bomb_state": "<absent>"}
{"t": "2026-08-11T17:59:51.878", "bomb_state": null, "round_phase": "live", "bomb_countdown": null, "phase_ends_in": null, "connected": true, "pb_round_bomb": "<absent>", "pb_bomb_state": "<absent>"}
{"t": "2026-08-11T17:59:58.012", "bomb_state": null, "round_phase": "live", "bomb_countdown": null, "phase_ends_in": null, "connected": true, "pb_round_bomb": "<absent>", "pb_bomb_state": "<absent>"}
{"t": "2026-08-11T18:00:04.140", "bomb_state": null, "round_phase": "live", "bomb_countdown": null, "phase_ends_in": null, "connected": true, "pb_round_bomb": "<absent>", "pb_bomb_state": "<absent>"}
{"t": "2026-08-11T18:00:10.563", "bomb_state": null, "round_phase": "live", "bomb_countdown": null, "phase_ends_in": null, "connected": true, "pb_round_bomb": "<absent>", "pb_bomb_state": "<absent>"}
{"t": "2026-08-11T18:00:16.686", "bomb_state": null, "round_phase": "live", "bomb_countdown": null, "phase_ends_in": null, "connected": true, "pb_round_bomb": "<absent>", "pb_bomb_state": "<absent>"}
{"t": "2026-08-11T18:00:23.079", "bomb_state": null, "round_phase": "live", "bomb_countdown": null, "phase_ends_in": null, "connected": true, "pb_round_bomb": "<absent>", "pb_bomb_state": "<absent>"}
{"t": "2026-08-11T18:00:29.238", "bomb_state": null, "round_phase": "live", "bomb_countdown": null, "phase_ends_in": null, "connected": true, "pb_round_bomb": "<absent>", "pb_bomb_state": "<absent>"}
{"t": "2026-08-11T18:00:35.354", "bomb_state": null, "round_phase": "live", "bomb_countdown": null, "phase_ends_in": null, "connected": true, "pb_round_bomb": "<absent>", "pb_bomb_state": "<absent>"}
{"t": "2026-08-11T18:00:41.774", "bomb_state": null, "round_phase": "live", "bomb_countdown": null, "phase_ends_in": null, "connected": true, "pb_round_bomb": "<absent>", "pb_bomb_state": "<absent>"}
{"t": "2026-08-11T18:00:47.884", "bomb_state": null, "round_phase": "live", "bomb_countdown": null, "phase_ends_in": null, "connected": true, "pb_round_bomb": "<absent>", "pb_bomb_state": "<absent>"}
{"t": "2026-08-11T18:00:49.096", "bomb_state": null, "round_phase": "over", "bomb_countdown": null, "phase_ends_in": null, "connected": true, "pb_round_bomb": "<absent>", "pb_bomb_state": "<absent>"}
{"t": "2026-08-11T18:00:55.252", "bomb_state": null, "round_phase": "over", "bomb_countdown": null, "phase_ends_in": null, "connected": true, "pb_round_bomb": "<absent>", "pb_bomb_state": "<absent>"}
{"t": "2026-08-11T18:00:59.144", "bomb_state": null, "round_phase": "freezetime", "bomb_countdown": null, "phase_ends_in": null, "connected": true, "pb_round_bomb": "<absent>", "pb_bomb_state": "<absent>"}
{"t": "2026-08-11T18:01:04.094", "bomb_state": null, "round_phase": "live", "bomb_countdown": null, "phase_ends_in": null, "connected": true, "pb_round_bomb": "<absent>", "pb_bomb_state": "<absent>"}
{"t": "2026-08-11T18:01:10.202", "bomb_state": null, "round_phase": "live", "bomb_countdown": null, "phase_ends_in": null, "connected": true, "pb_round_bomb": "<absent>", "pb_bomb_state": "<absent>"}
{"t": "2026-08-11T18:01:16.156", "bomb_state": null, "round_phase": "live", "bomb_countdown": null, "phase_ends_in": null, "connected": true, "pb_round_bomb": "<absent>", "pb_bomb_state": "<absent>"}
{"t": "2026-08-11T18:01:21.205", "bomb_state": null, "round_phase": "live", "bomb_countdown": null, "phase_ends_in": null, "connected": true, "pb_round_bomb": "<absent>", "pb_bomb_state": "<absent>"}
{"t": "2026-08-11T18:01:27.271", "bomb_state": null, "round_phase": "live", "bomb_countdown": null, "phase_ends_in": null, "connected": true, "pb_round_bomb": "<absent>", "pb_bomb_state": "<absent>"}
{"t": "2026-08-11T18:01:34.216", "bomb_state": null, "round_phase": "live", "bomb_countdown": null, "phase_ends_in": null, "connected": true, "pb_round_bomb": "planted", "pb_bomb_state": "<absent>"}
{"t": "2026-08-11T18:01:40.284", "bomb_state": null, "round_phase": "live", "bomb_countdown": null, "phase_ends_in": null, "connected": true, "pb_round_bomb": "planted", "pb_bomb_state": "<absent>"}
{"t": "2026-08-11T18:01:45.689", "bomb_state": null, "round_phase": "live", "bomb_countdown": null, "phase_ends_in": null, "connected": true, "pb_round_bomb": "planted", "pb_bomb_state": "<absent>"}
{"t": "2026-08-11T18:01:51.877", "bomb_state": null, "round_phase": "live", "bomb_countdown": null, "phase_ends_in": null, "connected": true, "pb_round_bomb": "planted", "pb_bomb_state": "<absent>"}
{"t": "2026-08-11T18:01:57.074", "bomb_state": null, "round_phase": "live", "bomb_countdown": null, "phase_ends_in": null, "connected": true, "pb_round_bomb": "planted", "pb_bomb_state": "<absent>"}
{"t": "2026-08-11T18:02:03.903", "bomb_state": null, "round_phase": "live", "bomb_countdown": null, "phase_ends_in": null, "connected": true, "pb_round_bomb": "planted", "pb_bomb_state": "<absent>"}
{"t": "2026-08-11T18:02:10.020", "bomb_state": null, "round_phase": "live", "bomb_countdown": null, "phase_ends_in": null, "connected": true, "pb_round_bomb": "planted", "pb_bomb_state": "<absent>"}
{"t": "2026-08-11T18:02:12.268", "bomb_state": null, "round_phase": "over", "bomb_countdown": null, "phase_ends_in": null, "connected": true, "pb_round_bomb": "exploded", "pb_bomb_state": "<absent>"}
{"t": "2026-08-11T18:02:18.641", "bomb_state": null, "round_phase": "over", "bomb_countdown": null, "phase_ends_in": null, "connected": true, "pb_round_bomb": "exploded", "pb_bomb_state": "<absent>"}
{"t": "2026-08-11T18:02:22.273", "bomb_state": null, "round_phase": "freezetime", "bomb_countdown": null, "phase_ends_in": null, "connected": true, "pb_round_bomb": "<absent>", "pb_bomb_state": "<absent>"}
{"t": "2026-08-11T18:02:27.171", "bomb_state": null, "round_phase": "live", "bomb_countdown": null, "phase_ends_in": null, "connected": true, "pb_round_bomb": "<absent>", "pb_bomb_state": "<absent>"}
{"t": "2026-08-11T18:02:33.327", "bomb_state": null, "round_phase": "live", "bomb_countdown": null, "phase_ends_in": null, "connected": true, "pb_round_bomb": "<absent>", "pb_bomb_state": "<absent>"}
{"t": "2026-08-11T18:02:39.535", "bomb_state": null, "round_phase": "live", "bomb_countdown": null, "phase_ends_in": null, "connected": true, "pb_round_bomb": "<absent>", "pb_bomb_state": "<absent>"}
{"t": "2026-08-11T18:02:45.591", "bomb_state": null, "round_phase": "live", "bomb_countdown": null, "phase_ends_in": null, "connected": true, "pb_round_bomb": "<absent>", "pb_bomb_state": "<absent>"}
{"t": "2026-08-11T18:02:51.752", "bomb_state": null, "round_phase": "live", "bomb_countdown": null, "phase_ends_in": null, "connected": true, "pb_round_bomb": "<absent>", "pb_bomb_state": "<absent>"}
{"t": "2026-08-11T18:02:57.808", "bomb_state": null, "round_phase": "live", "bomb_countdown": null, "phase_ends_in": null, "connected": true, "pb_round_bomb": "<absent>", "pb_bomb_state": "<absent>"}
{"t": "2026-08-11T18:03:03.814", "bomb_state": null, "round_phase": "live", "bomb_countdown": null, "phase_ends_in": null, "connected": true, "pb_round_bomb": "<absent>", "pb_bomb_state": "<absent>"}
{"t": "2026-08-11T18:03:09.926", "bomb_state": null, "round_phase": "live", "bomb_countdown": null, "phase_ends_in": null, "connected": true, "pb_round_bomb": "<absent>", "pb_bomb_state": "<absent>"}
{"t": "2026-08-11T18:03:16.034", "bomb_state": null, "round_phase": "live", "bomb_countdown": null, "phase_ends_in": null, "connected": true, "pb_round_bomb": "<absent>", "pb_bomb_state": "<absent>"}
{"t": "2026-08-11T18:03:21.239", "bomb_state": null, "round_phase": "live", "bomb_countdown": null, "phase_ends_in": null, "connected": true, "pb_round_bomb": "<absent>", "pb_bomb_state": "<absent>"}
{"t": "2026-08-11T18:03:27.280", "bomb_state": null, "round_phase": "live", "bomb_countdown": null, "phase_ends_in": null, "connected": true, "pb_round_bomb": "planted", "pb_bomb_state": "<absent>"}
{"t": "2026-08-11T18:03:33.714", "bomb_state": null, "round_phase": "live", "bomb_countdown": null, "phase_ends_in": null, "connected": true, "pb_round_bomb": "planted", "pb_bomb_state": "<absent>"}
{"t": "2026-08-11T18:03:40.404", "bomb_state": null, "round_phase": "live", "bomb_countdown": null, "phase_ends_in": null, "connected": true, "pb_round_bomb": "planted", "pb_bomb_state": "<absent>"}
{"t": "2026-08-11T18:03:45.585", "bomb_state": null, "round_phase": "live", "bomb_countdown": null, "phase_ends_in": null, "connected": true, "pb_round_bomb": "planted", "pb_bomb_state": "<absent>"}
{"t": "2026-08-11T18:03:46.000", "bomb_state": null, "round_phase": "over", "bomb_countdown": null, "phase_ends_in": null, "connected": true, "pb_round_bomb": "defused", "pb_bomb_state": "<absent>"}
{"t": "2026-08-11T18:03:52.961", "bomb_state": null, "round_phase": "over", "bomb_countdown": null, "phase_ends_in": null, "connected": true, "pb_round_bomb": "defused", "pb_bomb_state": "<absent>"}
{"t": "2026-08-11T18:03:56.088", "bomb_state": null, "round_phase": "freezetime", "bomb_countdown": null, "phase_ends_in": null, "connected": true, "pb_round_bomb": "<absent>", "pb_bomb_state": "<absent>"}
{"t": "2026-08-11T18:04:01.034", "bomb_state": null, "round_phase": "live", "bomb_countdown": null, "phase_ends_in": null, "connected": true, "pb_round_bomb": "<absent>", "pb_bomb_state": "<absent>"}
{"t": "2026-08-11T18:04:08.000", "bomb_state": null, "round_phase": "live", "bomb_countdown": null, "phase_ends_in": null, "connected": true, "pb_round_bomb": "<absent>", "pb_bomb_state": "<absent>"}
{"t": "2026-08-11T18:04:13.902", "bomb_state": null, "round_phase": "live", "bomb_countdown": null, "phase_ends_in": null, "connected": true, "pb_round_bomb": "<absent>", "pb_bomb_state": "<absent>"}
{"t": "2026-08-11T18:04:20.713", "bomb_state": null, "round_phase": "live", "bomb_countdown": null, "phase_ends_in": null, "connected": true, "pb_round_bomb": "<absent>", "pb_bomb_state": "<absent>"}
{"t": "2026-08-11T18:04:26.817", "bomb_state": null, "round_phase": "live", "bomb_countdown": null, "phase_ends_in": null, "connected": true, "pb_round_bomb": "<absent>", "pb_bomb_state": "<absent>"}
{"t": "2026-08-11T18:04:32.868", "bomb_state": null, "round_phase": "live", "bomb_countdown": null, "phase_ends_in": null, "connected": true, "pb_round_bomb": "<absent>", "pb_bomb_state": "<absent>"}
{"t": "2026-08-11T18:04:37.870", "bomb_state": null, "round_phase": "live", "bomb_countdown": null, "phase_ends_in": null, "connected": true, "pb_round_bomb": "<absent>", "pb_bomb_state": "<absent>"}
{"t": "2026-08-11T18:04:43.823", "bomb_state": null, "round_phase": "live", "bomb_countdown": null, "phase_ends_in": null, "connected": true, "pb_round_bomb": "<absent>", "pb_bomb_state": "<absent>"}
{"t": "2026-08-11T18:04:50.384", "bomb_state": null, "round_phase": "live", "bomb_countdown": null, "phase_ends_in": null, "connected": true, "pb_round_bomb": "<absent>", "pb_bomb_state": "<absent>"}
{"t": "2026-08-11T18:04:56.539", "bomb_state": null, "round_phase": "live", "bomb_countdown": null, "phase_ends_in": null, "connected": true, "pb_round_bomb": "<absent>", "pb_bomb_state": "<absent>"}
{"t": "2026-08-11T18:05:02.034", "bomb_state": null, "round_phase": "live", "bomb_countdown": null, "phase_ends_in": null, "connected": true, "pb_round_bomb": "<absent>", "pb_bomb_state": "<absent>"}
{"t": "2026-08-11T18:05:08.137", "bomb_state": null, "round_phase": "live", "bomb_countdown": null, "phase_ends_in": null, "connected": true, "pb_round_bomb": "<absent>", "pb_bomb_state": "<absent>"}
{"t": "2026-08-11T18:05:14.299", "bomb_state": null, "round_phase": "live", "bomb_countdown": null, "phase_ends_in": null, "connected": true, "pb_round_bomb": "<absent>", "pb_bomb_state": "<absent>"}
{"t": "2026-08-11T18:12:32.787", "bomb_state": null, "round_phase": null, "bomb_countdown": null, "phase_ends_in": null, "connected": true, "pb_round_bomb": "<absent>", "pb_bomb_state": "<absent>"}
{"t": "2026-08-11T18:12:38.912", "bomb_state": null, "round_phase": null, "bomb_countdown": null, "phase_ends_in": null, "connected": true, "pb_round_bomb": "<absent>", "pb_bomb_state": "<absent>"}
{"t": "2026-08-11T18:13:05.169", "bomb_state": null, "round_phase": null, "bomb_countdown": null, "phase_ends_in": null, "connected": true, "pb_round_bomb": "<absent>", "pb_bomb_state": "<absent>"}
{"t": "2026-08-11T18:13:11.785", "bomb_state": null, "round_phase": null, "bomb_countdown": null, "phase_ends_in": null, "connected": true, "pb_round_bomb": "<absent>", "pb_bomb_state": "<absent>"}
{"t": "2026-08-11T18:13:17.985", "bomb_state": null, "round_phase": null, "bomb_countdown": null, "phase_ends_in": null, "connected": true, "pb_round_bomb": "<absent>", "pb_bomb_state": "<absent>"}
{"t": "2026-08-11T18:13:24.158", "bomb_state": null, "round_phase": null, "bomb_countdown": null, "phase_ends_in": null, "connected": true, "pb_round_bomb": "<absent>", "pb_bomb_state": "<absent>"}
{"t": "2026-08-11T18:13:30.236", "bomb_state": null, "round_phase": null, "bomb_countdown": null, "phase_ends_in": null, "connected": true, "pb_round_bomb": "<absent>", "pb_bomb_state": "<absent>"}
{"t": "2026-08-11T18:13:36.392", "bomb_state": null, "round_phase": null, "bomb_countdown": null, "phase_ends_in": null, "connected": true, "pb_round_bomb": "<absent>", "pb_bomb_state": "<absent>"}
{"t": "2026-08-11T18:13:42.605", "bomb_state": null, "round_phase": null, "bomb_countdown": null, "phase_ends_in": null, "connected": true, "pb_round_bomb": "<absent>", "pb_bomb_state": "<absent>"}
{"t": "2026-08-11T18:13:48.819", "bomb_state": null, "round_phase": null, "bomb_countdown": null, "phase_ends_in": null, "connected": true, "pb_round_bomb": "<absent>", "pb_bomb_state": "<absent>"}
{"t": "2026-08-11T18:13:54.977", "bomb_state": null, "round_phase": null, "bomb_countdown": null, "phase_ends_in": null, "connected": true, "pb_round_bomb": "<absent>", "pb_bomb_state": "<absent>"}
{"t": "2026-08-11T18:14:01.386", "bomb_state": null, "round_phase": null, "bomb_countdown": null, "phase_ends_in": null, "connected": true, "pb_round_bomb": "<absent>", "pb_bomb_state": "<absent>"}
{"t": "2026-08-11T18:14:07.643", "bomb_state": null, "round_phase": null, "bomb_countdown": null, "phase_ends_in": null, "connected": true, "pb_round_bomb": "<absent>", "pb_bomb_state": "<absent>"}
{"t": "2026-08-11T18:14:13.799", "bomb_state": null, "round_phase": null, "bomb_countdown": null, "phase_ends_in": null, "connected": true, "pb_round_bomb": "<absent>", "pb_bomb_state": "<absent>"}
{"t": "2026-08-11T18:14:19.913", "bomb_state": null, "round_phase": null, "bomb_countdown": null, "phase_ends_in": null, "connected": true, "pb_round_bomb": "<absent>", "pb_bomb_state": "<absent>"}
{"t": "2026-08-11T18:14:26.320", "bomb_state": null, "round_phase": null, "bomb_countdown": null, "phase_ends_in": null, "connected": true, "pb_round_bomb": "<absent>", "pb_bomb_state": "<absent>"}
{"t": "2026-08-11T18:14:32.421", "bomb_state": null, "round_phase": null, "bomb_countdown": null, "phase_ends_in": null, "connected": true, "pb_round_bomb": "<absent>", "pb_bomb_state": "<absent>"}
{"t": "2026-08-11T18:14:38.678", "bomb_state": null, "round_phase": null, "bomb_countdown": null, "phase_ends_in": null, "connected": true, "pb_round_bomb": "<absent>", "pb_bomb_state": "<absent>"}
{"t": "2026-08-11T18:14:44.783", "bomb_state": null, "round_phase": null, "bomb_countdown": null, "phase_ends_in": null, "connected": true, "pb_round_bomb": "<absent>", "pb_bomb_state": "<absent>"}
{"t": "2026-08-11T18:14:51.143", "bomb_state": null, "round_phase": null, "bomb_countdown": null, "phase_ends_in": null, "connected": true, "pb_round_bomb": "<absent>", "pb_bomb_state": "<absent>"}
{"t": "2026-08-11T18:14:57.348", "bomb_state": null, "round_phase": null, "bomb_countdown": null, "phase_ends_in": null, "connected": true, "pb_round_bomb": "<absent>", "pb_bomb_state": "<absent>"}
{"t": "2026-08-11T18:15:03.550", "bomb_state": null, "round_phase": null, "bomb_countdown": null, "phase_ends_in": null, "connected": true, "pb_round_bomb": "<absent>", "pb_bomb_state": "<absent>"}
{"t": "2026-08-11T18:15:09.704", "bomb_state": null, "round_phase": null, "bomb_countdown": null, "phase_ends_in": null, "connected": true, "pb_round_bomb": "<absent>", "pb_bomb_state": "<absent>"}
{"t": "2026-08-11T18:15:15.865", "bomb_state": null, "round_phase": null, "bomb_countdown": null, "phase_ends_in": null, "connected": true, "pb_round_bomb": "<absent>", "pb_bomb_state": "<absent>"}
{"t": "2026-08-11T18:15:22.184", "bomb_state": null, "round_phase": null, "bomb_countdown": null, "phase_ends_in": null, "connected": true, "pb_round_bomb": "<absent>", "pb_bomb_state": "<absent>"}
{"t": "2026-08-11T18:22:25.291", "bomb_state": null, "round_phase": "live", "bomb_countdown": null, "phase_ends_in": null, "connected": true, "pb_round_bomb": "<absent>", "pb_bomb_state": "<absent>"}
{"t": "2026-08-11T18:22:31.509", "bomb_state": null, "round_phase": "live", "bomb_countdown": null, "phase_ends_in": null, "connected": true, "pb_round_bomb": "<absent>", "pb_bomb_state": "<absent>"}
{"t": "2026-08-11T18:22:36.630", "bomb_state": null, "round_phase": "live", "bomb_countdown": null, "phase_ends_in": null, "connected": true, "pb_round_bomb": "<absent>", "pb_bomb_state": "<absent>"}
{"t": "2026-08-11T18:22:42.747", "bomb_state": null, "round_phase": "live", "bomb_countdown": null, "phase_ends_in": null, "connected": true, "pb_round_bomb": "<absent>", "pb_bomb_state": "<absent>"}
{"t": "2026-08-11T18:22:47.953", "bomb_state": null, "round_phase": "over", "bomb_countdown": null, "phase_ends_in": null, "connected": true, "pb_round_bomb": "<absent>", "pb_bomb_state": "<absent>"}
{"t": "2026-08-11T18:22:54.372", "bomb_state": null, "round_phase": "over", "bomb_countdown": null, "phase_ends_in": null, "connected": true, "pb_round_bomb": "<absent>", "pb_bomb_state": "<absent>"}
{"t": "2026-08-11T18:22:54.978", "bomb_state": null, "round_phase": "freezetime", "bomb_countdown": null, "phase_ends_in": null, "connected": true, "pb_round_bomb": "<absent>", "pb_bomb_state": "<absent>"}
{"t": "2026-08-11T18:23:01.039", "bomb_state": null, "round_phase": "freezetime", "bomb_countdown": null, "phase_ends_in": null, "connected": true, "pb_round_bomb": "<absent>", "pb_bomb_state": "<absent>"}
{"t": "2026-08-11T18:23:07.402", "bomb_state": null, "round_phase": "freezetime", "bomb_countdown": null, "phase_ends_in": null, "connected": true, "pb_round_bomb": "<absent>", "pb_bomb_state": "<absent>"}
{"t": "2026-08-11T18:54:18.561", "bomb_state": null, "round_phase": null, "bomb_countdown": null, "phase_ends_in": null, "connected": true, "pb_round_bomb": "<absent>", "pb_bomb_state": "<absent>"}
{"t": "2026-08-11T18:54:24.730", "bomb_state": null, "round_phase": null, "bomb_countdown": null, "phase_ends_in": null, "connected": true, "pb_round_bomb": "<absent>", "pb_bomb_state": "<absent>"}
{"t": "2026-08-11T18:54:30.885", "bomb_state": null, "round_phase": null, "bomb_countdown": null, "phase_ends_in": null, "connected": true, "pb_round_bomb": "<absent>", "pb_bomb_state": "<absent>"}
{"t": "2026-08-11T18:54:37.045", "bomb_state": null, "round_phase": null, "bomb_countdown": null, "phase_ends_in": null, "connected": true, "pb_round_bomb": "<absent>", "pb_bomb_state": "<absent>"}
{"t": "2026-08-11T18:54:43.161", "bomb_state": null, "round_phase": null, "bomb_countdown": null, "phase_ends_in": null, "connected": true, "pb_round_bomb": "<absent>", "pb_bomb_state": "<absent>"}
{"t": "2026-08-11T18:54:49.267", "bomb_state": null, "round_phase": null, "bomb_countdown": null, "phase_ends_in": null, "connected": true, "pb_round_bomb": "<absent>", "pb_bomb_state": "<absent>"}
{"t": "2026-08-11T18:54:55.422", "bomb_state": null, "round_phase": null, "bomb_countdown": null, "phase_ends_in": null, "connected": true, "pb_round_bomb": "<absent>", "pb_bomb_state": "<absent>"}
{"t": "2026-08-11T18:55:01.579", "bomb_state": null, "round_phase": null, "bomb_countdown": null, "phase_ends_in": null, "connected": true, "pb_round_bomb": "<absent>", "pb_bomb_state": "<absent>"}
{"t": "2026-08-11T18:55:07.691", "bomb_state": null, "round_phase": null, "bomb_countdown": null, "phase_ends_in": null, "connected": true, "pb_round_bomb": "<absent>", "pb_bomb_state": "<absent>"}
{"t": "2026-08-11T18:55:14.105", "bomb_state": null, "round_phase": null, "bomb_countdown": null, "phase_ends_in": null, "connected": true, "pb_round_bomb": "<absent>", "pb_bomb_state": "<absent>"}
{"t": "2026-08-11T21:11:16.527", "bomb_state": null, "round_phase": null, "bomb_countdown": null, "phase_ends_in": null, "connected": true, "pb_round_bomb": "<absent>", "pb_bomb_state": "<absent>"}
{"t": "2026-08-11T21:11:22.993", "bomb_state": null, "round_phase": null, "bomb_countdown": null, "phase_ends_in": null, "connected": true, "pb_round_bomb": "<absent>", "pb_bomb_state": "<absent>"}
{"t": "2026-08-11T21:11:29.145", "bomb_state": null, "round_phase": null, "bomb_countdown": null, "phase_ends_in": null, "connected": true, "pb_round_bomb": "<absent>", "pb_bomb_state": "<absent>"}
{"t": "2026-08-11T21:11:35.249", "bomb_state": null, "round_phase": null, "bomb_countdown": null, "phase_ends_in": null, "connected": true, "pb_round_bomb": "<absent>", "pb_bomb_state": "<absent>"}
{"t": "2026-08-11T21:11:41.493", "bomb_state": null, "round_phase": null, "bomb_countdown": null, "phase_ends_in": null, "connected": true, "pb_round_bomb": "<absent>", "pb_bomb_state": "<absent>"}
{"t": "2026-08-11T21:11:47.638", "bomb_state": null, "round_phase": null, "bomb_countdown": null, "phase_ends_in": null, "connected": true, "pb_round_bomb": "<absent>", "pb_bomb_state": "<absent>"}
{"t": "2026-08-11T21:11:49.709", "bomb_state": null, "round_phase": "live", "bomb_countdown": null, "phase_ends_in": null, "connected": true, "pb_round_bomb": "<absent>", "pb_bomb_state": "<absent>"}
{"t": "2026-08-11T21:11:55.811", "bomb_state": null, "round_phase": "live", "bomb_countdown": null, "phase_ends_in": null, "connected": true, "pb_round_bomb": "<absent>", "pb_bomb_state": "<absent>"}
{"t": "2026-08-11T21:12:02.160", "bomb_state": null, "round_phase": "live", "bomb_countdown": null, "phase_ends_in": null, "connected": true, "pb_round_bomb": "<absent>", "pb_bomb_state": "<absent>"}
{"t": "2026-08-11T21:12:08.108", "bomb_state": null, "round_phase": "live", "bomb_countdown": null, "phase_ends_in": null, "connected": true, "pb_round_bomb": "<absent>", "pb_bomb_state": "<absent>"}
{"t": "2026-08-11T21:12:14.216", "bomb_state": null, "round_phase": "live", "bomb_countdown": null, "phase_ends_in": null, "connected": true, "pb_round_bomb": "<absent>", "pb_bomb_state": "<absent>"}
{"t": "2026-08-11T21:12:20.273", "bomb_state": null, "round_phase": "live", "bomb_countdown": null, "phase_ends_in": null, "connected": true, "pb_round_bomb": "<absent>", "pb_bomb_state": "<absent>"}
{"t": "2026-08-11T21:12:27.220", "bomb_state": null, "round_phase": "live", "bomb_countdown": null, "phase_ends_in": null, "connected": true, "pb_round_bomb": "planted", "pb_bomb_state": "<absent>"}
{"t": "2026-08-11T21:12:33.359", "bomb_state": null, "round_phase": "live", "bomb_countdown": null, "phase_ends_in": null, "connected": true, "pb_round_bomb": "planted", "pb_bomb_state": "<absent>"}
{"t": "2026-08-11T21:12:39.485", "bomb_state": null, "round_phase": "live", "bomb_countdown": null, "phase_ends_in": null, "connected": true, "pb_round_bomb": "planted", "pb_bomb_state": "<absent>"}
{"t": "2026-08-11T21:12:45.046", "bomb_state": null, "round_phase": "live", "bomb_countdown": null, "phase_ends_in": null, "connected": true, "pb_round_bomb": "planted", "pb_bomb_state": "<absent>"}
{"t": "2026-08-11T21:12:51.132", "bomb_state": null, "round_phase": "live", "bomb_countdown": null, "phase_ends_in": null, "connected": true, "pb_round_bomb": "planted", "pb_bomb_state": "<absent>"}
{"t": "2026-08-11T21:12:56.592", "bomb_state": null, "round_phase": "live", "bomb_countdown": null, "phase_ends_in": null, "connected": true, "pb_round_bomb": "planted", "pb_bomb_state": "<absent>"}
{"t": "2026-08-11T21:13:01.652", "bomb_state": null, "round_phase": "live", "bomb_countdown": null, "phase_ends_in": null, "connected": true, "pb_round_bomb": "planted", "pb_bomb_state": "<absent>"}
{"t": "2026-08-11T21:13:05.496", "bomb_state": null, "round_phase": "over", "bomb_countdown": null, "phase_ends_in": null, "connected": true, "pb_round_bomb": "exploded", "pb_bomb_state": "<absent>"}
{"t": "2026-08-11T21:13:06.713", "bomb_state": null, "round_phase": null, "bomb_countdown": null, "phase_ends_in": null, "connected": true, "pb_round_bomb": "<absent>", "pb_bomb_state": "<absent>"}
{"t": "2026-08-11T21:13:11.765", "bomb_state": null, "round_phase": null, "bomb_countdown": null, "phase_ends_in": null, "connected": true, "pb_round_bomb": "<absent>", "pb_bomb_state": "<absent>"}
{"t": "2026-08-11T21:13:24.706", "bomb_state": null, "round_phase": null, "bomb_countdown": null, "phase_ends_in": null, "connected": true, "pb_round_bomb": "<absent>", "pb_bomb_state": "<absent>"}
{"t": "2026-08-11T21:13:24.961", "bomb_state": null, "round_phase": "freezetime", "bomb_countdown": null, "phase_ends_in": null, "connected": true, "pb_round_bomb": "<absent>", "pb_bomb_state": "<absent>"}
{"t": "2026-08-11T21:13:31.010", "bomb_state": null, "round_phase": "freezetime", "bomb_countdown": null, "phase_ends_in": null, "connected": true, "pb_round_bomb": "<absent>", "pb_bomb_state": "<absent>"}
{"t": "2026-08-11T21:13:36.021", "bomb_state": null, "round_phase": "freezetime", "bomb_countdown": null, "phase_ends_in": null, "connected": true, "pb_round_bomb": "<absent>", "pb_bomb_state": "<absent>"}
{"t": "2026-08-11T21:13:41.837", "bomb_state": null, "round_phase": "freezetime", "bomb_countdown": null, "phase_ends_in": null, "connected": true, "pb_round_bomb": "<absent>", "pb_bomb_state": "<absent>"}
{"t": "2026-08-11T21:13:44.716", "bomb_state": null, "round_phase": "live", "bomb_countdown": null, "phase_ends_in": null, "connected": true, "pb_round_bomb": "<absent>", "pb_bomb_state": "<absent>"}
{"t": "2026-08-11T21:13:50.776", "bomb_state": null, "round_phase": "live", "bomb_countdown": null, "phase_ends_in": null, "connected": true, "pb_round_bomb": "<absent>", "pb_bomb_state": "<absent>"}
{"t": "2026-08-11T21:13:56.841", "bomb_state": null, "round_phase": "live", "bomb_countdown": null, "phase_ends_in": null, "connected": true, "pb_round_bomb": "<absent>", "pb_bomb_state": "<absent>"}
{"t": "2026-08-11T21:14:03.004", "bomb_state": null, "round_phase": "live", "bomb_countdown": null, "phase_ends_in": null, "connected": true, "pb_round_bomb": "<absent>", "pb_bomb_state": "<absent>"}
{"t": "2026-08-11T21:14:09.727", "bomb_state": null, "round_phase": "over", "bomb_countdown": null, "phase_ends_in": null, "connected": true, "pb_round_bomb": "<absent>", "pb_bomb_state": "<absent>"}
{"t": "2026-08-11T21:14:11.798", "bomb_state": null, "round_phase": null, "bomb_countdown": null, "phase_ends_in": null, "connected": true, "pb_round_bomb": "<absent>", "pb_bomb_state": "<absent>"}
{"t": "2026-08-11T21:14:17.864", "bomb_state": null, "round_phase": null, "bomb_countdown": null, "phase_ends_in": null, "connected": true, "pb_round_bomb": "<absent>", "pb_bomb_state": "<absent>"}
{"t": "2026-08-11T21:14:24.031", "bomb_state": null, "round_phase": null, "bomb_countdown": null, "phase_ends_in": null, "connected": true, "pb_round_bomb": "<absent>", "pb_bomb_state": "<absent>"}
{"t": "2026-08-11T21:14:30.146", "bomb_state": null, "round_phase": null, "bomb_countdown": null, "phase_ends_in": null, "connected": true, "pb_round_bomb": "<absent>", "pb_bomb_state": "<absent>"}
{"t": "2026-08-11T21:14:36.214", "bomb_state": null, "round_phase": null, "bomb_countdown": null, "phase_ends_in": null, "connected": true, "pb_round_bomb": "<absent>", "pb_bomb_state": "<absent>"}
{"t": "2026-08-11T21:14:42.378", "bomb_state": null, "round_phase": null, "bomb_countdown": null, "phase_ends_in": null, "connected": true, "pb_round_bomb": "<absent>", "pb_bomb_state": "<absent>"}
{"t": "2026-08-11T21:14:47.680", "bomb_state": null, "round_phase": "freezetime", "bomb_countdown": null, "phase_ends_in": null, "connected": true, "pb_round_bomb": "<absent>", "pb_bomb_state": "<absent>"}
{"t": "2026-08-11T21:14:53.787", "bomb_state": null, "round_phase": "freezetime", "bomb_countdown": null, "phase_ends_in": null, "connected": true, "pb_round_bomb": "<absent>", "pb_bomb_state": "<absent>"}
{"t": "2026-08-11T21:14:59.997", "bomb_state": null, "round_phase": "freezetime", "bomb_countdown": null, "phase_ends_in": null, "connected": true, "pb_round_bomb": "<absent>", "pb_bomb_state": "<absent>"}
{"t": "2026-08-11T21:15:05.449", "bomb_state": null, "round_phase": "freezetime", "bomb_countdown": null, "phase_ends_in": null, "connected": true, "pb_round_bomb": "<absent>", "pb_bomb_state": "<absent>"}
{"t": "2026-08-11T21:15:10.600", "bomb_state": null, "round_phase": "freezetime", "bomb_countdown": null, "phase_ends_in": null, "connected": true, "pb_round_bomb": "<absent>", "pb_bomb_state": "<absent>"}
{"t": "2026-08-11T21:15:15.297", "bomb_state": null, "round_phase": "live", "bomb_countdown": null, "phase_ends_in": null, "connected": true, "pb_round_bomb": "<absent>", "pb_bomb_state": "<absent>"}
{"t": "2026-08-11T21:15:21.461", "bomb_state": null, "round_phase": "live", "bomb_countdown": null, "phase_ends_in": null, "connected": true, "pb_round_bomb": "<absent>", "pb_bomb_state": "<absent>"}
{"t": "2026-08-11T21:15:27.566", "bomb_state": null, "round_phase": "live", "bomb_countdown": null, "phase_ends_in": null, "connected": true, "pb_round_bomb": "<absent>", "pb_bomb_state": "<absent>"}
{"t": "2026-08-11T21:15:32.919", "bomb_state": null, "round_phase": "live", "bomb_countdown": null, "phase_ends_in": null, "connected": true, "pb_round_bomb": "<absent>", "pb_bomb_state": "<absent>"}
{"t": "2026-08-11T21:15:39.034", "bomb_state": null, "round_phase": "live", "bomb_countdown": null, "phase_ends_in": null, "connected": true, "pb_round_bomb": "<absent>", "pb_bomb_state": "<absent>"}
{"t": "2026-08-11T21:15:45.203", "bomb_state": null, "round_phase": "live", "bomb_countdown": null, "phase_ends_in": null, "connected": true, "pb_round_bomb": "<absent>", "pb_bomb_state": "<absent>"}
{"t": "2026-08-11T21:15:51.270", "bomb_state": null, "round_phase": "live", "bomb_countdown": null, "phase_ends_in": null, "connected": true, "pb_round_bomb": "<absent>", "pb_bomb_state": "<absent>"}
{"t": "2026-08-11T21:15:51.523", "bomb_state": null, "round_phase": "over", "bomb_countdown": null, "phase_ends_in": null, "connected": true, "pb_round_bomb": "<absent>", "pb_bomb_state": "<absent>"}
{"t": "2026-08-11T21:15:57.637", "bomb_state": null, "round_phase": "over", "bomb_countdown": null, "phase_ends_in": null, "connected": true, "pb_round_bomb": "<absent>", "pb_bomb_state": "<absent>"}
{"t": "2026-08-11T21:15:58.597", "bomb_state": null, "round_phase": "freezetime", "bomb_countdown": null, "phase_ends_in": null, "connected": true, "pb_round_bomb": "<absent>", "pb_bomb_state": "<absent>"}
{"t": "2026-08-11T21:16:04.809", "bomb_state": null, "round_phase": "freezetime", "bomb_countdown": null, "phase_ends_in": null, "connected": true, "pb_round_bomb": "<absent>", "pb_bomb_state": "<absent>"}
{"t": "2026-08-11T21:16:10.876", "bomb_state": null, "round_phase": "freezetime", "bomb_countdown": null, "phase_ends_in": null, "connected": true, "pb_round_bomb": "<absent>", "pb_bomb_state": "<absent>"}
{"t": "2026-08-11T21:16:16.683", "bomb_state": null, "round_phase": "freezetime", "bomb_countdown": null, "phase_ends_in": null, "connected": true, "pb_round_bomb": "<absent>", "pb_bomb_state": "<absent>"}
{"t": "2026-08-11T21:16:18.553", "bomb_state": null, "round_phase": "live", "bomb_countdown": null, "phase_ends_in": null, "connected": true, "pb_round_bomb": "<absent>", "pb_bomb_state": "<absent>"}
{"t": "2026-08-11T21:16:24.617", "bomb_state": null, "round_phase": "live", "bomb_countdown": null, "phase_ends_in": null, "connected": true, "pb_round_bomb": "<absent>", "pb_bomb_state": "<absent>"}
{"t": "2026-08-11T21:16:30.780", "bomb_state": null, "round_phase": "live", "bomb_countdown": null, "phase_ends_in": null, "connected": true, "pb_round_bomb": "<absent>", "pb_bomb_state": "<absent>"}
{"t": "2026-08-11T21:16:36.789", "bomb_state": null, "round_phase": "live", "bomb_countdown": null, "phase_ends_in": null, "connected": true, "pb_round_bomb": "<absent>", "pb_bomb_state": "<absent>"}
{"t": "2026-08-11T21:16:43.452", "bomb_state": null, "round_phase": "live", "bomb_countdown": null, "phase_ends_in": null, "connected": true, "pb_round_bomb": "<absent>", "pb_bomb_state": "<absent>"}
{"t": "2026-08-11T21:16:50.367", "bomb_state": null, "round_phase": "live", "bomb_countdown": null, "phase_ends_in": null, "connected": true, "pb_round_bomb": "<absent>", "pb_bomb_state": "<absent>"}
{"t": "2026-08-11T21:16:54.056", "bomb_state": null, "round_phase": "over", "bomb_countdown": null, "phase_ends_in": null, "connected": true, "pb_round_bomb": "<absent>", "pb_bomb_state": "<absent>"}
{"t": "2026-08-11T21:17:00.167", "bomb_state": null, "round_phase": "over", "bomb_countdown": null, "phase_ends_in": null, "connected": true, "pb_round_bomb": "<absent>", "pb_bomb_state": "<absent>"}
{"t": "2026-08-11T21:17:01.134", "bomb_state": null, "round_phase": "freezetime", "bomb_countdown": null, "phase_ends_in": null, "connected": true, "pb_round_bomb": "<absent>", "pb_bomb_state": "<absent>"}
{"t": "2026-08-11T21:17:07.998", "bomb_state": null, "round_phase": "freezetime", "bomb_countdown": null, "phase_ends_in": null, "connected": true, "pb_round_bomb": "<absent>", "pb_bomb_state": "<absent>"}
{"t": "2026-08-11T21:17:14.106", "bomb_state": null, "round_phase": "freezetime", "bomb_countdown": null, "phase_ends_in": null, "connected": true, "pb_round_bomb": "<absent>", "pb_bomb_state": "<absent>"}
{"t": "2026-08-11T21:17:20.180", "bomb_state": null, "round_phase": "freezetime", "bomb_countdown": null, "phase_ends_in": null, "connected": true, "pb_round_bomb": "<absent>", "pb_bomb_state": "<absent>"}
{"t": "2026-08-11T21:17:21.097", "bomb_state": null, "round_phase": "live", "bomb_countdown": null, "phase_ends_in": null, "connected": true, "pb_round_bomb": "<absent>", "pb_bomb_state": "<absent>"}
{"t": "2026-08-11T21:17:27.211", "bomb_state": null, "round_phase": "live", "bomb_countdown": null, "phase_ends_in": null, "connected": true, "pb_round_bomb": "<absent>", "pb_bomb_state": "<absent>"}
{"t": "2026-08-11T21:17:33.368", "bomb_state": null, "round_phase": "live", "bomb_countdown": null, "phase_ends_in": null, "connected": true, "pb_round_bomb": "<absent>", "pb_bomb_state": "<absent>"}
{"t": "2026-08-11T21:17:39.483", "bomb_state": null, "round_phase": "live", "bomb_countdown": null, "phase_ends_in": null, "connected": true, "pb_round_bomb": "<absent>", "pb_bomb_state": "<absent>"}
{"t": "2026-08-11T21:17:45.650", "bomb_state": null, "round_phase": "live", "bomb_countdown": null, "phase_ends_in": null, "connected": true, "pb_round_bomb": "<absent>", "pb_bomb_state": "<absent>"}
{"t": "2026-08-11T21:17:51.704", "bomb_state": null, "round_phase": "live", "bomb_countdown": null, "phase_ends_in": null, "connected": true, "pb_round_bomb": "<absent>", "pb_bomb_state": "<absent>"}
{"t": "2026-08-11T21:17:57.823", "bomb_state": null, "round_phase": "live", "bomb_countdown": null, "phase_ends_in": null, "connected": true, "pb_round_bomb": "<absent>", "pb_bomb_state": "<absent>"}
{"t": "2026-08-11T21:18:03.230", "bomb_state": null, "round_phase": "live", "bomb_countdown": null, "phase_ends_in": null, "connected": true, "pb_round_bomb": "<absent>", "pb_bomb_state": "<absent>"}
{"t": "2026-08-11T21:18:08.794", "bomb_state": null, "round_phase": "live", "bomb_countdown": null, "phase_ends_in": null, "connected": true, "pb_round_bomb": "<absent>", "pb_bomb_state": "<absent>"}
{"t": "2026-08-11T21:18:14.102", "bomb_state": null, "round_phase": "live", "bomb_countdown": null, "phase_ends_in": null, "connected": true, "pb_round_bomb": "<absent>", "pb_bomb_state": "<absent>"}
{"t": "2026-08-11T21:18:20.106", "bomb_state": null, "round_phase": "live", "bomb_countdown": null, "phase_ends_in": null, "connected": true, "pb_round_bomb": "<absent>", "pb_bomb_state": "<absent>"}
{"t": "2026-08-11T21:18:26.320", "bomb_state": null, "round_phase": "live", "bomb_countdown": null, "phase_ends_in": null, "connected": true, "pb_round_bomb": "<absent>", "pb_bomb_state": "<absent>"}
{"t": "2026-08-11T21:18:31.873", "bomb_state": null, "round_phase": "live", "bomb_countdown": null, "phase_ends_in": null, "connected": true, "pb_round_bomb": "<absent>", "pb_bomb_state": "<absent>"}
{"t": "2026-08-11T21:18:37.183", "bomb_state": null, "round_phase": "live", "bomb_countdown": null, "phase_ends_in": null, "connected": true, "pb_round_bomb": "<absent>", "pb_bomb_state": "<absent>"}
{"t": "2026-08-11T21:18:42.892", "bomb_state": null, "round_phase": "live", "bomb_countdown": null, "phase_ends_in": null, "connected": true, "pb_round_bomb": "<absent>", "pb_bomb_state": "<absent>"}
{"t": "2026-08-11T21:18:48.143", "bomb_state": null, "round_phase": "live", "bomb_countdown": null, "phase_ends_in": null, "connected": true, "pb_round_bomb": "<absent>", "pb_bomb_state": "<absent>"}
{"t": "2026-08-11T21:18:53.289", "bomb_state": null, "round_phase": "live", "bomb_countdown": null, "phase_ends_in": null, "connected": true, "pb_round_bomb": "<absent>", "pb_bomb_state": "<absent>"}
{"t": "2026-08-11T21:18:59.197", "bomb_state": null, "round_phase": "live", "bomb_countdown": null, "phase_ends_in": null, "connected": true, "pb_round_bomb": "planted", "pb_bomb_state": "<absent>"}
{"t": "2026-08-11T21:19:05.870", "bomb_state": null, "round_phase": "live", "bomb_countdown": null, "phase_ends_in": null, "connected": true, "pb_round_bomb": "planted", "pb_bomb_state": "<absent>"}
{"t": "2026-08-11T21:19:12.549", "bomb_state": null, "round_phase": "live", "bomb_countdown": null, "phase_ends_in": null, "connected": true, "pb_round_bomb": "planted", "pb_bomb_state": "<absent>"}
{"t": "2026-08-11T21:19:18.691", "bomb_state": null, "round_phase": "live", "bomb_countdown": null, "phase_ends_in": null, "connected": true, "pb_round_bomb": "planted", "pb_bomb_state": "<absent>"}
{"t": "2026-08-11T21:19:18.957", "bomb_state": null, "round_phase": "over", "bomb_countdown": null, "phase_ends_in": null, "connected": true, "pb_round_bomb": "defused", "pb_bomb_state": "<absent>"}
{"t": "2026-08-11T21:19:25.114", "bomb_state": null, "round_phase": "over", "bomb_countdown": null, "phase_ends_in": null, "connected": true, "pb_round_bomb": "defused", "pb_bomb_state": "<absent>"}
{"t": "2026-08-11T21:19:26.022", "bomb_state": null, "round_phase": "freezetime", "bomb_countdown": null, "phase_ends_in": null, "connected": true, "pb_round_bomb": "<absent>", "pb_bomb_state": "<absent>"}
{"t": "2026-08-11T21:19:32.184", "bomb_state": null, "round_phase": "freezetime", "bomb_countdown": null, "phase_ends_in": null, "connected": true, "pb_round_bomb": "<absent>", "pb_bomb_state": "<absent>"}
{"t": "2026-08-11T21:19:37.883", "bomb_state": null, "round_phase": "freezetime", "bomb_countdown": null, "phase_ends_in": null, "connected": true, "pb_round_bomb": "<absent>", "pb_bomb_state": "<absent>"}
{"t": "2026-08-11T21:19:44.445", "bomb_state": null, "round_phase": "freezetime", "bomb_countdown": null, "phase_ends_in": null, "connected": true, "pb_round_bomb": "<absent>", "pb_bomb_state": "<absent>"}
{"t": "2026-08-11T21:19:45.960", "bomb_state": null, "round_phase": "live", "bomb_countdown": null, "phase_ends_in": null, "connected": true, "pb_round_bomb": "<absent>", "pb_bomb_state": "<absent>"}
{"t": "2026-08-11T21:19:52.114", "bomb_state": null, "round_phase": "live", "bomb_countdown": null, "phase_ends_in": null, "connected": true, "pb_round_bomb": "<absent>", "pb_bomb_state": "<absent>"}
{"t": "2026-08-11T21:19:57.966", "bomb_state": null, "round_phase": "live", "bomb_countdown": null, "phase_ends_in": null, "connected": true, "pb_round_bomb": "<absent>", "pb_bomb_state": "<absent>"}
{"t": "2026-08-11T21:20:03.310", "bomb_state": null, "round_phase": "live", "bomb_countdown": null, "phase_ends_in": null, "connected": true, "pb_round_bomb": "<absent>", "pb_bomb_state": "<absent>"}
{"t": "2026-08-11T21:20:08.608", "bomb_state": null, "round_phase": "live", "bomb_countdown": null, "phase_ends_in": null, "connected": true, "pb_round_bomb": "<absent>", "pb_bomb_state": "<absent>"}
{"t": "2026-08-11T21:20:15.073", "bomb_state": null, "round_phase": "live", "bomb_countdown": null, "phase_ends_in": null, "connected": true, "pb_round_bomb": "<absent>", "pb_bomb_state": "<absent>"}
{"t": "2026-08-11T21:20:20.778", "bomb_state": null, "round_phase": "live", "bomb_countdown": null, "phase_ends_in": null, "connected": true, "pb_round_bomb": "<absent>", "pb_bomb_state": "<absent>"}
{"t": "2026-08-11T21:20:25.974", "bomb_state": null, "round_phase": "live", "bomb_countdown": null, "phase_ends_in": null, "connected": true, "pb_round_bomb": "<absent>", "pb_bomb_state": "<absent>"}
{"t": "2026-08-11T21:20:31.121", "bomb_state": null, "round_phase": "over", "bomb_countdown": null, "phase_ends_in": null, "connected": true, "pb_round_bomb": "<absent>", "pb_bomb_state": "<absent>"}
{"t": "2026-08-11T21:20:36.213", "bomb_state": null, "round_phase": "over", "bomb_countdown": null, "phase_ends_in": null, "connected": true, "pb_round_bomb": "<absent>", "pb_bomb_state": "<absent>"}
{"t": "2026-08-11T21:20:38.183", "bomb_state": null, "round_phase": "freezetime", "bomb_countdown": null, "phase_ends_in": null, "connected": true, "pb_round_bomb": "<absent>", "pb_bomb_state": "<absent>"}
{"t": "2026-08-11T21:20:44.235", "bomb_state": null, "round_phase": "freezetime", "bomb_countdown": null, "phase_ends_in": null, "connected": true, "pb_round_bomb": "<absent>", "pb_bomb_state": "<absent>"}
{"t": "2026-08-11T21:20:49.245", "bomb_state": null, "round_phase": "freezetime", "bomb_countdown": null, "phase_ends_in": null, "connected": true, "pb_round_bomb": "<absent>", "pb_bomb_state": "<absent>"}
{"t": "2026-08-11T21:20:56.516", "bomb_state": null, "round_phase": "freezetime", "bomb_countdown": null, "phase_ends_in": null, "connected": true, "pb_round_bomb": "<absent>", "pb_bomb_state": "<absent>"}
{"t": "2026-08-11T21:20:58.180", "bomb_state": null, "round_phase": "live", "bomb_countdown": null, "phase_ends_in": null, "connected": true, "pb_round_bomb": "<absent>", "pb_bomb_state": "<absent>"}
{"t": "2026-08-11T21:21:04.333", "bomb_state": null, "round_phase": "live", "bomb_countdown": null, "phase_ends_in": null, "connected": true, "pb_round_bomb": "<absent>", "pb_bomb_state": "<absent>"}
{"t": "2026-08-11T21:21:09.743", "bomb_state": null, "round_phase": "live", "bomb_countdown": null, "phase_ends_in": null, "connected": true, "pb_round_bomb": "<absent>", "pb_bomb_state": "<absent>"}
{"t": "2026-08-11T21:21:15.293", "bomb_state": null, "round_phase": "live", "bomb_countdown": null, "phase_ends_in": null, "connected": true, "pb_round_bomb": "<absent>", "pb_bomb_state": "<absent>"}
{"t": "2026-08-11T21:21:20.948", "bomb_state": null, "round_phase": "live", "bomb_countdown": null, "phase_ends_in": null, "connected": true, "pb_round_bomb": "<absent>", "pb_bomb_state": "<absent>"}
{"t": "2026-08-11T21:21:26.546", "bomb_state": null, "round_phase": "live", "bomb_countdown": null, "phase_ends_in": null, "connected": true, "pb_round_bomb": "<absent>", "pb_bomb_state": "<absent>"}
{"t": "2026-08-11T21:21:33.259", "bomb_state": null, "round_phase": "live", "bomb_countdown": null, "phase_ends_in": null, "connected": true, "pb_round_bomb": "<absent>", "pb_bomb_state": "<absent>"}
{"t": "2026-08-11T21:21:39.363", "bomb_state": null, "round_phase": "live", "bomb_countdown": null, "phase_ends_in": null, "connected": true, "pb_round_bomb": "<absent>", "pb_bomb_state": "<absent>"}
{"t": "2026-08-11T21:21:45.421", "bomb_state": null, "round_phase": "live", "bomb_countdown": null, "phase_ends_in": null, "connected": true, "pb_round_bomb": "<absent>", "pb_bomb_state": "<absent>"}
{"t": "2026-08-11T21:21:50.464", "bomb_state": null, "round_phase": "live", "bomb_countdown": null, "phase_ends_in": null, "connected": true, "pb_round_bomb": "<absent>", "pb_bomb_state": "<absent>"}
{"t": "2026-08-11T21:21:56.567", "bomb_state": null, "round_phase": "live", "bomb_countdown": null, "phase_ends_in": null, "connected": true, "pb_round_bomb": "<absent>", "pb_bomb_state": "<absent>"}
{"t": "2026-08-11T21:22:02.766", "bomb_state": null, "round_phase": "live", "bomb_countdown": null, "phase_ends_in": null, "connected": true, "pb_round_bomb": "<absent>", "pb_bomb_state": "<absent>"}
{"t": "2026-08-11T21:22:08.817", "bomb_state": null, "round_phase": "live", "bomb_countdown": null, "phase_ends_in": null, "connected": true, "pb_round_bomb": "<absent>", "pb_bomb_state": "<absent>"}
{"t": "2026-08-11T21:22:14.978", "bomb_state": null, "round_phase": "live", "bomb_countdown": null, "phase_ends_in": null, "connected": true, "pb_round_bomb": "<absent>", "pb_bomb_state": "<absent>"}
{"t": "2026-08-11T21:22:21.093", "bomb_state": null, "round_phase": "live", "bomb_countdown": null, "phase_ends_in": null, "connected": true, "pb_round_bomb": "<absent>", "pb_bomb_state": "<absent>"}
{"t": "2026-08-11T21:22:26.850", "bomb_state": null, "round_phase": "live", "bomb_countdown": null, "phase_ends_in": null, "connected": true, "pb_round_bomb": "<absent>", "pb_bomb_state": "<absent>"}
{"t": "2026-08-11T21:22:32.907", "bomb_state": null, "round_phase": "live", "bomb_countdown": null, "phase_ends_in": null, "connected": true, "pb_round_bomb": "<absent>", "pb_bomb_state": "<absent>"}
{"t": "2026-08-11T21:22:34.370", "bomb_state": null, "round_phase": "over", "bomb_countdown": null, "phase_ends_in": null, "connected": true, "pb_round_bomb": "<absent>", "pb_bomb_state": "<absent>"}
{"t": "2026-08-11T21:22:39.466", "bomb_state": null, "round_phase": "over", "bomb_countdown": null, "phase_ends_in": null, "connected": true, "pb_round_bomb": "<absent>", "pb_bomb_state": "<absent>"}
{"t": "2026-08-11T21:22:41.389", "bomb_state": null, "round_phase": "freezetime", "bomb_countdown": null, "phase_ends_in": null, "connected": true, "pb_round_bomb": "<absent>", "pb_bomb_state": "<absent>"}
{"t": "2026-08-11T21:22:47.497", "bomb_state": null, "round_phase": "freezetime", "bomb_countdown": null, "phase_ends_in": null, "connected": true, "pb_round_bomb": "<absent>", "pb_bomb_state": "<absent>"}
{"t": "2026-08-11T21:22:52.600", "bomb_state": null, "round_phase": "freezetime", "bomb_countdown": null, "phase_ends_in": null, "connected": true, "pb_round_bomb": "<absent>", "pb_bomb_state": "<absent>"}
{"t": "2026-08-11T21:22:58.698", "bomb_state": null, "round_phase": "freezetime", "bomb_countdown": null, "phase_ends_in": null, "connected": true, "pb_round_bomb": "<absent>", "pb_bomb_state": "<absent>"}
{"t": "2026-08-11T21:23:01.383", "bomb_state": null, "round_phase": "live", "bomb_countdown": null, "phase_ends_in": null, "connected": true, "pb_round_bomb": "<absent>", "pb_bomb_state": "<absent>"}
{"t": "2026-08-11T21:23:07.839", "bomb_state": null, "round_phase": "live", "bomb_countdown": null, "phase_ends_in": null, "connected": true, "pb_round_bomb": "<absent>", "pb_bomb_state": "<absent>"}
{"t": "2026-08-11T21:23:13.945", "bomb_state": null, "round_phase": "live", "bomb_countdown": null, "phase_ends_in": null, "connected": true, "pb_round_bomb": "<absent>", "pb_bomb_state": "<absent>"}
{"t": "2026-08-11T21:23:20.407", "bomb_state": null, "round_phase": "live", "bomb_countdown": null, "phase_ends_in": null, "connected": true, "pb_round_bomb": "<absent>", "pb_bomb_state": "<absent>"}
{"t": "2026-08-11T21:23:26.258", "bomb_state": null, "round_phase": "live", "bomb_countdown": null, "phase_ends_in": null, "connected": true, "pb_round_bomb": "<absent>", "pb_bomb_state": "<absent>"}
{"t": "2026-08-11T21:23:32.257", "bomb_state": null, "round_phase": "live", "bomb_countdown": null, "phase_ends_in": null, "connected": true, "pb_round_bomb": "<absent>", "pb_bomb_state": "<absent>"}
{"t": "2026-08-11T21:23:37.309", "bomb_state": null, "round_phase": "live", "bomb_countdown": null, "phase_ends_in": null, "connected": true, "pb_round_bomb": "<absent>", "pb_bomb_state": "<absent>"}
{"t": "2026-08-11T21:23:42.969", "bomb_state": null, "round_phase": "live", "bomb_countdown": null, "phase_ends_in": null, "connected": true, "pb_round_bomb": "<absent>", "pb_bomb_state": "<absent>"}
{"t": "2026-08-11T21:23:49.126", "bomb_state": null, "round_phase": "live", "bomb_countdown": null, "phase_ends_in": null, "connected": true, "pb_round_bomb": "<absent>", "pb_bomb_state": "<absent>"}
{"t": "2026-08-11T21:23:55.107", "bomb_state": null, "round_phase": "live", "bomb_countdown": null, "phase_ends_in": null, "connected": true, "pb_round_bomb": "planted", "pb_bomb_state": "<absent>"}
{"t": "2026-08-11T21:24:01.159", "bomb_state": null, "round_phase": "live", "bomb_countdown": null, "phase_ends_in": null, "connected": true, "pb_round_bomb": "planted", "pb_bomb_state": "<absent>"}
{"t": "2026-08-11T21:24:07.302", "bomb_state": null, "round_phase": "live", "bomb_countdown": null, "phase_ends_in": null, "connected": true, "pb_round_bomb": "planted", "pb_bomb_state": "<absent>"}
{"t": "2026-08-11T21:24:13.400", "bomb_state": null, "round_phase": "live", "bomb_countdown": null, "phase_ends_in": null, "connected": true, "pb_round_bomb": "planted", "pb_bomb_state": "<absent>"}
{"t": "2026-08-11T21:24:19.435", "bomb_state": null, "round_phase": "live", "bomb_countdown": null, "phase_ends_in": null, "connected": true, "pb_round_bomb": "planted", "pb_bomb_state": "<absent>"}
{"t": "2026-08-11T21:24:24.977", "bomb_state": null, "round_phase": "live", "bomb_countdown": null, "phase_ends_in": null, "connected": true, "pb_round_bomb": "planted", "pb_bomb_state": "<absent>"}
{"t": "2026-08-11T21:24:30.305", "bomb_state": null, "round_phase": "over", "bomb_countdown": null, "phase_ends_in": null, "connected": true, "pb_round_bomb": "exploded", "pb_bomb_state": "<absent>"}
{"t": "2026-08-11T21:24:36.721", "bomb_state": null, "round_phase": "over", "bomb_countdown": null, "phase_ends_in": null, "connected": true, "pb_round_bomb": "exploded", "pb_bomb_state": "<absent>"}
{"t": "2026-08-11T21:24:37.380", "bomb_state": null, "round_phase": "freezetime", "bomb_countdown": null, "phase_ends_in": null, "connected": true, "pb_round_bomb": "<absent>", "pb_bomb_state": "<absent>"}
{"t": "2026-08-11T21:24:43.540", "bomb_state": null, "round_phase": "freezetime", "bomb_countdown": null, "phase_ends_in": null, "connected": true, "pb_round_bomb": "<absent>", "pb_bomb_state": "<absent>"}
{"t": "2026-08-11T21:24:48.894", "bomb_state": null, "round_phase": "freezetime", "bomb_countdown": null, "phase_ends_in": null, "connected": true, "pb_round_bomb": "<absent>", "pb_bomb_state": "<absent>"}
{"t": "2026-08-11T21:24:54.957", "bomb_state": null, "round_phase": "freezetime", "bomb_countdown": null, "phase_ends_in": null, "connected": true, "pb_round_bomb": "<absent>", "pb_bomb_state": "<absent>"}
{"t": "2026-08-11T21:24:57.329", "bomb_state": null, "round_phase": "live", "bomb_countdown": null, "phase_ends_in": null, "connected": true, "pb_round_bomb": "<absent>", "pb_bomb_state": "<absent>"}
{"t": "2026-08-11T21:25:03.441", "bomb_state": null, "round_phase": "live", "bomb_countdown": null, "phase_ends_in": null, "connected": true, "pb_round_bomb": "<absent>", "pb_bomb_state": "<absent>"}
{"t": "2026-08-11T21:25:09.605", "bomb_state": null, "round_phase": "live", "bomb_countdown": null, "phase_ends_in": null, "connected": true, "pb_round_bomb": "<absent>", "pb_bomb_state": "<absent>"}
{"t": "2026-08-11T21:25:15.675", "bomb_state": null, "round_phase": "live", "bomb_countdown": null, "phase_ends_in": null, "connected": true, "pb_round_bomb": "<absent>", "pb_bomb_state": "<absent>"}
{"t": "2026-08-11T21:25:21.835", "bomb_state": null, "round_phase": "live", "bomb_countdown": null, "phase_ends_in": null, "connected": true, "pb_round_bomb": "<absent>", "pb_bomb_state": "<absent>"}
{"t": "2026-08-11T21:25:27.895", "bomb_state": null, "round_phase": "live", "bomb_countdown": null, "phase_ends_in": null, "connected": true, "pb_round_bomb": "<absent>", "pb_bomb_state": "<absent>"}
{"t": "2026-08-11T21:25:33.954", "bomb_state": null, "round_phase": "live", "bomb_countdown": null, "phase_ends_in": null, "connected": true, "pb_round_bomb": "<absent>", "pb_bomb_state": "<absent>"}
{"t": "2026-08-11T21:25:40.065", "bomb_state": null, "round_phase": "live", "bomb_countdown": null, "phase_ends_in": null, "connected": true, "pb_round_bomb": "<absent>", "pb_bomb_state": "<absent>"}
{"t": "2026-08-11T21:25:46.179", "bomb_state": null, "round_phase": "live", "bomb_countdown": null, "phase_ends_in": null, "connected": true, "pb_round_bomb": "<absent>", "pb_bomb_state": "<absent>"}
{"t": "2026-08-11T21:25:51.531", "bomb_state": null, "round_phase": "live", "bomb_countdown": null, "phase_ends_in": null, "connected": true, "pb_round_bomb": "<absent>", "pb_bomb_state": "<absent>"}
{"t": "2026-08-11T21:25:56.781", "bomb_state": null, "round_phase": "live", "bomb_countdown": null, "phase_ends_in": null, "connected": true, "pb_round_bomb": "planted", "pb_bomb_state": "<absent>"}
{"t": "2026-08-11T21:26:02.249", "bomb_state": null, "round_phase": "live", "bomb_countdown": null, "phase_ends_in": null, "connected": true, "pb_round_bomb": "planted", "pb_bomb_state": "<absent>"}
{"t": "2026-08-11T21:26:08.257", "bomb_state": null, "round_phase": "live", "bomb_countdown": null, "phase_ends_in": null, "connected": true, "pb_round_bomb": "planted", "pb_bomb_state": "<absent>"}
{"t": "2026-08-11T21:26:14.508", "bomb_state": null, "round_phase": "live", "bomb_countdown": null, "phase_ends_in": null, "connected": true, "pb_round_bomb": "planted", "pb_bomb_state": "<absent>"}
{"t": "2026-08-11T21:26:20.511", "bomb_state": null, "round_phase": "live", "bomb_countdown": null, "phase_ends_in": null, "connected": true, "pb_round_bomb": "planted", "pb_bomb_state": "<absent>"}
{"t": "2026-08-11T21:26:26.709", "bomb_state": null, "round_phase": "live", "bomb_countdown": null, "phase_ends_in": null, "connected": true, "pb_round_bomb": "planted", "pb_bomb_state": "<absent>"}
{"t": "2026-08-11T21:26:32.767", "bomb_state": null, "round_phase": "live", "bomb_countdown": null, "phase_ends_in": null, "connected": true, "pb_round_bomb": "planted", "pb_bomb_state": "<absent>"}
{"t": "2026-08-11T21:26:36.277", "bomb_state": null, "round_phase": "over", "bomb_countdown": null, "phase_ends_in": null, "connected": true, "pb_round_bomb": "exploded", "pb_bomb_state": "<absent>"}
{"t": "2026-08-11T21:26:42.392", "bomb_state": null, "round_phase": "over", "bomb_countdown": null, "phase_ends_in": null, "connected": true, "pb_round_bomb": "exploded", "pb_bomb_state": "<absent>"}
{"t": "2026-08-11T21:26:43.353", "bomb_state": null, "round_phase": "freezetime", "bomb_countdown": null, "phase_ends_in": null, "connected": true, "pb_round_bomb": "<absent>", "pb_bomb_state": "<absent>"}
{"t": "2026-08-11T21:26:49.214", "bomb_state": null, "round_phase": "freezetime", "bomb_countdown": null, "phase_ends_in": null, "connected": true, "pb_round_bomb": "<absent>", "pb_bomb_state": "<absent>"}
{"t": "2026-08-11T21:26:55.380", "bomb_state": null, "round_phase": "freezetime", "bomb_countdown": null, "phase_ends_in": null, "connected": true, "pb_round_bomb": "<absent>", "pb_bomb_state": "<absent>"}
{"t": "2026-08-11T21:27:00.788", "bomb_state": null, "round_phase": "freezetime", "bomb_countdown": null, "phase_ends_in": null, "connected": true, "pb_round_bomb": "<absent>", "pb_bomb_state": "<absent>"}
{"t": "2026-08-11T21:27:03.262", "bomb_state": null, "round_phase": "live", "bomb_countdown": null, "phase_ends_in": null, "connected": true, "pb_round_bomb": "<absent>", "pb_bomb_state": "<absent>"}
{"t": "2026-08-11T21:27:09.320", "bomb_state": null, "round_phase": "live", "bomb_countdown": null, "phase_ends_in": null, "connected": true, "pb_round_bomb": "<absent>", "pb_bomb_state": "<absent>"}
{"t": "2026-08-11T21:27:16.346", "bomb_state": null, "round_phase": "live", "bomb_countdown": null, "phase_ends_in": null, "connected": true, "pb_round_bomb": "<absent>", "pb_bomb_state": "<absent>"}
{"t": "2026-08-11T21:27:21.553", "bomb_state": null, "round_phase": "live", "bomb_countdown": null, "phase_ends_in": null, "connected": true, "pb_round_bomb": "<absent>", "pb_bomb_state": "<absent>"}
{"t": "2026-08-11T21:27:27.711", "bomb_state": null, "round_phase": "live", "bomb_countdown": null, "phase_ends_in": null, "connected": true, "pb_round_bomb": "<absent>", "pb_bomb_state": "<absent>"}
{"t": "2026-08-11T21:27:33.774", "bomb_state": null, "round_phase": "live", "bomb_countdown": null, "phase_ends_in": null, "connected": true, "pb_round_bomb": "<absent>", "pb_bomb_state": "<absent>"}
{"t": "2026-08-11T21:27:39.998", "bomb_state": null, "round_phase": "live", "bomb_countdown": null, "phase_ends_in": null, "connected": true, "pb_round_bomb": "<absent>", "pb_bomb_state": "<absent>"}
{"t": "2026-08-11T21:27:46.175", "bomb_state": null, "round_phase": "live", "bomb_countdown": null, "phase_ends_in": null, "connected": true, "pb_round_bomb": "<absent>", "pb_bomb_state": "<absent>"}
{"t": "2026-08-11T21:27:52.288", "bomb_state": null, "round_phase": "live", "bomb_countdown": null, "phase_ends_in": null, "connected": true, "pb_round_bomb": "<absent>", "pb_bomb_state": "<absent>"}
{"t": "2026-08-11T21:27:58.404", "bomb_state": null, "round_phase": "live", "bomb_countdown": null, "phase_ends_in": null, "connected": true, "pb_round_bomb": "<absent>", "pb_bomb_state": "<absent>"}
{"t": "2026-08-11T21:28:03.993", "bomb_state": null, "round_phase": "live", "bomb_countdown": null, "phase_ends_in": null, "connected": true, "pb_round_bomb": "planted", "pb_bomb_state": "<absent>"}
{"t": "2026-08-11T21:28:10.005", "bomb_state": null, "round_phase": "live", "bomb_countdown": null, "phase_ends_in": null, "connected": true, "pb_round_bomb": "planted", "pb_bomb_state": "<absent>"}
{"t": "2026-08-11T21:28:13.013", "bomb_state": null, "round_phase": "over", "bomb_countdown": null, "phase_ends_in": null, "connected": true, "pb_round_bomb": "<absent>", "pb_bomb_state": "<absent>"}
{"t": "2026-08-11T21:28:18.156", "bomb_state": null, "round_phase": "over", "bomb_countdown": null, "phase_ends_in": null, "connected": true, "pb_round_bomb": "<absent>", "pb_bomb_state": "<absent>"}
{"t": "2026-08-11T21:28:20.122", "bomb_state": null, "round_phase": "freezetime", "bomb_countdown": null, "phase_ends_in": null, "connected": true, "pb_round_bomb": "<absent>", "pb_bomb_state": "<absent>"}
{"t": "2026-08-11T21:28:26.224", "bomb_state": null, "round_phase": "freezetime", "bomb_countdown": null, "phase_ends_in": null, "connected": true, "pb_round_bomb": "<absent>", "pb_bomb_state": "<absent>"}
{"t": "2026-08-11T21:28:32.334", "bomb_state": null, "round_phase": "freezetime", "bomb_countdown": null, "phase_ends_in": null, "connected": true, "pb_round_bomb": "<absent>", "pb_bomb_state": "<absent>"}
{"t": "2026-08-11T21:28:38.639", "bomb_state": null, "round_phase": "freezetime", "bomb_countdown": null, "phase_ends_in": null, "connected": true, "pb_round_bomb": "<absent>", "pb_bomb_state": "<absent>"}
{"t": "2026-08-11T21:28:40.000", "bomb_state": null, "round_phase": "live", "bomb_countdown": null, "phase_ends_in": null, "connected": true, "pb_round_bomb": "<absent>", "pb_bomb_state": "<absent>"}
{"t": "2026-08-11T21:28:46.603", "bomb_state": null, "round_phase": "live", "bomb_countdown": null, "phase_ends_in": null, "connected": true, "pb_round_bomb": "<absent>", "pb_bomb_state": "<absent>"}
{"t": "2026-08-11T21:28:53.059", "bomb_state": null, "round_phase": "live", "bomb_countdown": null, "phase_ends_in": null, "connected": true, "pb_round_bomb": "<absent>", "pb_bomb_state": "<absent>"}
{"t": "2026-08-11T21:28:59.411", "bomb_state": null, "round_phase": "live", "bomb_countdown": null, "phase_ends_in": null, "connected": true, "pb_round_bomb": "<absent>", "pb_bomb_state": "<absent>"}
{"t": "2026-08-11T21:29:05.526", "bomb_state": null, "round_phase": "live", "bomb_countdown": null, "phase_ends_in": null, "connected": true, "pb_round_bomb": "<absent>", "pb_bomb_state": "<absent>"}
{"t": "2026-08-11T21:29:11.528", "bomb_state": null, "round_phase": "live", "bomb_countdown": null, "phase_ends_in": null, "connected": true, "pb_round_bomb": "<absent>", "pb_bomb_state": "<absent>"}
{"t": "2026-08-11T21:29:17.231", "bomb_state": null, "round_phase": "live", "bomb_countdown": null, "phase_ends_in": null, "connected": true, "pb_round_bomb": "<absent>", "pb_bomb_state": "<absent>"}
{"t": "2026-08-11T21:29:22.829", "bomb_state": null, "round_phase": "live", "bomb_countdown": null, "phase_ends_in": null, "connected": true, "pb_round_bomb": "<absent>", "pb_bomb_state": "<absent>"}
{"t": "2026-08-11T21:29:28.911", "bomb_state": null, "round_phase": "live", "bomb_countdown": null, "phase_ends_in": null, "connected": true, "pb_round_bomb": "planted", "pb_bomb_state": "<absent>"}
{"t": "2026-08-11T21:29:34.074", "bomb_state": null, "round_phase": "live", "bomb_countdown": null, "phase_ends_in": null, "connected": true, "pb_round_bomb": "planted", "pb_bomb_state": "<absent>"}
{"t": "2026-08-11T21:29:40.232", "bomb_state": null, "round_phase": "live", "bomb_countdown": null, "phase_ends_in": null, "connected": true, "pb_round_bomb": "planted", "pb_bomb_state": "<absent>"}
{"t": "2026-08-11T21:29:45.444", "bomb_state": null, "round_phase": "live", "bomb_countdown": null, "phase_ends_in": null, "connected": true, "pb_round_bomb": "planted", "pb_bomb_state": "<absent>"}
{"t": "2026-08-11T21:29:52.340", "bomb_state": null, "round_phase": "live", "bomb_countdown": null, "phase_ends_in": null, "connected": true, "pb_round_bomb": "planted", "pb_bomb_state": "<absent>"}
{"t": "2026-08-11T21:29:57.442", "bomb_state": null, "round_phase": "live", "bomb_countdown": null, "phase_ends_in": null, "connected": true, "pb_round_bomb": "planted", "pb_bomb_state": "<absent>"}
{"t": "2026-08-11T21:30:00.283", "bomb_state": null, "round_phase": "over", "bomb_countdown": null, "phase_ends_in": null, "connected": true, "pb_round_bomb": "defused", "pb_bomb_state": "<absent>"}
{"t": "2026-08-11T21:30:06.533", "bomb_state": null, "round_phase": "over", "bomb_countdown": null, "phase_ends_in": null, "connected": true, "pb_round_bomb": "defused", "pb_bomb_state": "<absent>"}
{"t": "2026-08-11T21:30:07.343", "bomb_state": null, "round_phase": "freezetime", "bomb_countdown": null, "phase_ends_in": null, "connected": true, "pb_round_bomb": "<absent>", "pb_bomb_state": "<absent>"}
{"t": "2026-08-11T21:30:12.446", "bomb_state": null, "round_phase": "freezetime", "bomb_countdown": null, "phase_ends_in": null, "connected": true, "pb_round_bomb": "<absent>", "pb_bomb_state": "<absent>"}
{"t": "2026-08-11T21:30:19.017", "bomb_state": null, "round_phase": "freezetime", "bomb_countdown": null, "phase_ends_in": null, "connected": true, "pb_round_bomb": "<absent>", "pb_bomb_state": "<absent>"}
{"t": "2026-08-11T21:30:25.092", "bomb_state": null, "round_phase": "freezetime", "bomb_countdown": null, "phase_ends_in": null, "connected": true, "pb_round_bomb": "<absent>", "pb_bomb_state": "<absent>"}
{"t": "2026-08-11T21:30:27.321", "bomb_state": null, "round_phase": "live", "bomb_countdown": null, "phase_ends_in": null, "connected": true, "pb_round_bomb": "<absent>", "pb_bomb_state": "<absent>"}
{"t": "2026-08-11T21:30:33.428", "bomb_state": null, "round_phase": "live", "bomb_countdown": null, "phase_ends_in": null, "connected": true, "pb_round_bomb": "<absent>", "pb_bomb_state": "<absent>"}
{"t": "2026-08-11T21:30:38.634", "bomb_state": null, "round_phase": "live", "bomb_countdown": null, "phase_ends_in": null, "connected": true, "pb_round_bomb": "<absent>", "pb_bomb_state": "<absent>"}
{"t": "2026-08-11T21:30:45.201", "bomb_state": null, "round_phase": "live", "bomb_countdown": null, "phase_ends_in": null, "connected": true, "pb_round_bomb": "<absent>", "pb_bomb_state": "<absent>"}
{"t": "2026-08-11T21:30:51.618", "bomb_state": null, "round_phase": "live", "bomb_countdown": null, "phase_ends_in": null, "connected": true, "pb_round_bomb": "<absent>", "pb_bomb_state": "<absent>"}
{"t": "2026-08-11T21:30:56.868", "bomb_state": null, "round_phase": "live", "bomb_countdown": null, "phase_ends_in": null, "connected": true, "pb_round_bomb": "<absent>", "pb_bomb_state": "<absent>"}
{"t": "2026-08-11T21:31:02.314", "bomb_state": null, "round_phase": "live", "bomb_countdown": null, "phase_ends_in": null, "connected": true, "pb_round_bomb": "<absent>", "pb_bomb_state": "<absent>"}
{"t": "2026-08-11T21:31:07.615", "bomb_state": null, "round_phase": "live", "bomb_countdown": null, "phase_ends_in": null, "connected": true, "pb_round_bomb": "<absent>", "pb_bomb_state": "<absent>"}
{"t": "2026-08-11T21:31:12.866", "bomb_state": null, "round_phase": "live", "bomb_countdown": null, "phase_ends_in": null, "connected": true, "pb_round_bomb": "<absent>", "pb_bomb_state": "<absent>"}
{"t": "2026-08-11T21:31:18.423", "bomb_state": null, "round_phase": "live", "bomb_countdown": null, "phase_ends_in": null, "connected": true, "pb_round_bomb": "<absent>", "pb_bomb_state": "<absent>"}
{"t": "2026-08-11T21:31:23.779", "bomb_state": null, "round_phase": "live", "bomb_countdown": null, "phase_ends_in": null, "connected": true, "pb_round_bomb": "<absent>", "pb_bomb_state": "<absent>"}
{"t": "2026-08-11T21:31:29.029", "bomb_state": null, "round_phase": "live", "bomb_countdown": null, "phase_ends_in": null, "connected": true, "pb_round_bomb": "<absent>", "pb_bomb_state": "<absent>"}
{"t": "2026-08-11T21:31:29.693", "bomb_state": null, "round_phase": "over", "bomb_countdown": null, "phase_ends_in": null, "connected": true, "pb_round_bomb": "<absent>", "pb_bomb_state": "<absent>"}
{"t": "2026-08-11T21:31:35.697", "bomb_state": null, "round_phase": "over", "bomb_countdown": null, "phase_ends_in": null, "connected": true, "pb_round_bomb": "<absent>", "pb_bomb_state": "<absent>"}
{"t": "2026-08-11T21:31:36.757", "bomb_state": null, "round_phase": "freezetime", "bomb_countdown": null, "phase_ends_in": null, "connected": true, "pb_round_bomb": "<absent>", "pb_bomb_state": "<absent>"}
{"t": "2026-08-11T21:31:41.812", "bomb_state": null, "round_phase": "freezetime", "bomb_countdown": null, "phase_ends_in": null, "connected": true, "pb_round_bomb": "<absent>", "pb_bomb_state": "<absent>"}
{"t": "2026-08-11T21:31:47.463", "bomb_state": null, "round_phase": "freezetime", "bomb_countdown": null, "phase_ends_in": null, "connected": true, "pb_round_bomb": "<absent>", "pb_bomb_state": "<absent>"}
{"t": "2026-08-11T21:31:53.222", "bomb_state": null, "round_phase": "freezetime", "bomb_countdown": null, "phase_ends_in": null, "connected": true, "pb_round_bomb": "<absent>", "pb_bomb_state": "<absent>"}
{"t": "2026-08-11T21:31:56.705", "bomb_state": null, "round_phase": "live", "bomb_countdown": null, "phase_ends_in": null, "connected": true, "pb_round_bomb": "<absent>", "pb_bomb_state": "<absent>"}
{"t": "2026-08-11T21:32:02.760", "bomb_state": null, "round_phase": "live", "bomb_countdown": null, "phase_ends_in": null, "connected": true, "pb_round_bomb": "<absent>", "pb_bomb_state": "<absent>"}
{"t": "2026-08-11T21:32:08.925", "bomb_state": null, "round_phase": "live", "bomb_countdown": null, "phase_ends_in": null, "connected": true, "pb_round_bomb": "<absent>", "pb_bomb_state": "<absent>"}
{"t": "2026-08-11T21:32:14.992", "bomb_state": null, "round_phase": "live", "bomb_countdown": null, "phase_ends_in": null, "connected": true, "pb_round_bomb": "<absent>", "pb_bomb_state": "<absent>"}
{"t": "2026-08-11T21:32:21.261", "bomb_state": null, "round_phase": "live", "bomb_countdown": null, "phase_ends_in": null, "connected": true, "pb_round_bomb": "<absent>", "pb_bomb_state": "<absent>"}
{"t": "2026-08-11T21:32:26.463", "bomb_state": null, "round_phase": "live", "bomb_countdown": null, "phase_ends_in": null, "connected": true, "pb_round_bomb": "<absent>", "pb_bomb_state": "<absent>"}
{"t": "2026-08-11T21:32:33.059", "bomb_state": null, "round_phase": "live", "bomb_countdown": null, "phase_ends_in": null, "connected": true, "pb_round_bomb": "planted", "pb_bomb_state": "<absent>"}
{"t": "2026-08-11T21:32:38.853", "bomb_state": null, "round_phase": "live", "bomb_countdown": null, "phase_ends_in": null, "connected": true, "pb_round_bomb": "planted", "pb_bomb_state": "<absent>"}
{"t": "2026-08-11T21:32:44.901", "bomb_state": null, "round_phase": "live", "bomb_countdown": null, "phase_ends_in": null, "connected": true, "pb_round_bomb": "planted", "pb_bomb_state": "<absent>"}
{"t": "2026-08-11T21:32:50.533", "bomb_state": null, "round_phase": "live", "bomb_countdown": null, "phase_ends_in": null, "connected": true, "pb_round_bomb": "planted", "pb_bomb_state": "<absent>"}
{"t": "2026-08-11T21:32:51.745", "bomb_state": null, "round_phase": "over", "bomb_countdown": null, "phase_ends_in": null, "connected": true, "pb_round_bomb": "<absent>", "pb_bomb_state": "<absent>"}
{"t": "2026-08-11T21:32:58.655", "bomb_state": null, "round_phase": "freezetime", "bomb_countdown": null, "phase_ends_in": null, "connected": true, "pb_round_bomb": "<absent>", "pb_bomb_state": "<absent>"}
{"t": "2026-08-11T21:33:04.757", "bomb_state": null, "round_phase": "freezetime", "bomb_countdown": null, "phase_ends_in": null, "connected": true, "pb_round_bomb": "<absent>", "pb_bomb_state": "<absent>"}
{"t": "2026-08-11T21:33:09.809", "bomb_state": null, "round_phase": "freezetime", "bomb_countdown": null, "phase_ends_in": null, "connected": true, "pb_round_bomb": "<absent>", "pb_bomb_state": "<absent>"}
{"t": "2026-08-11T21:33:15.209", "bomb_state": null, "round_phase": "freezetime", "bomb_countdown": null, "phase_ends_in": null, "connected": true, "pb_round_bomb": "<absent>", "pb_bomb_state": "<absent>"}
{"t": "2026-08-11T21:33:18.698", "bomb_state": null, "round_phase": "live", "bomb_countdown": null, "phase_ends_in": null, "connected": true, "pb_round_bomb": "<absent>", "pb_bomb_state": "<absent>"}
{"t": "2026-08-11T21:33:24.850", "bomb_state": null, "round_phase": "live", "bomb_countdown": null, "phase_ends_in": null, "connected": true, "pb_round_bomb": "<absent>", "pb_bomb_state": "<absent>"}
{"t": "2026-08-11T21:33:30.950", "bomb_state": null, "round_phase": "live", "bomb_countdown": null, "phase_ends_in": null, "connected": true, "pb_round_bomb": "<absent>", "pb_bomb_state": "<absent>"}
{"t": "2026-08-11T21:33:36.002", "bomb_state": null, "round_phase": "live", "bomb_countdown": null, "phase_ends_in": null, "connected": true, "pb_round_bomb": "<absent>", "pb_bomb_state": "<absent>"}
{"t": "2026-08-11T21:33:41.799", "bomb_state": null, "round_phase": "live", "bomb_countdown": null, "phase_ends_in": null, "connected": true, "pb_round_bomb": "<absent>", "pb_bomb_state": "<absent>"}
{"t": "2026-08-11T21:33:47.243", "bomb_state": null, "round_phase": "live", "bomb_countdown": null, "phase_ends_in": null, "connected": true, "pb_round_bomb": "<absent>", "pb_bomb_state": "<absent>"}
{"t": "2026-08-11T21:33:52.343", "bomb_state": null, "round_phase": "live", "bomb_countdown": null, "phase_ends_in": null, "connected": true, "pb_round_bomb": "<absent>", "pb_bomb_state": "<absent>"}
{"t": "2026-08-11T21:33:57.437", "bomb_state": null, "round_phase": "live", "bomb_countdown": null, "phase_ends_in": null, "connected": true, "pb_round_bomb": "<absent>", "pb_bomb_state": "<absent>"}
{"t": "2026-08-11T21:34:03.019", "bomb_state": null, "round_phase": "live", "bomb_countdown": null, "phase_ends_in": null, "connected": true, "pb_round_bomb": "planted", "pb_bomb_state": "<absent>"}
{"t": "2026-08-11T21:34:09.935", "bomb_state": null, "round_phase": "over", "bomb_countdown": null, "phase_ends_in": null, "connected": true, "pb_round_bomb": "<absent>", "pb_bomb_state": "<absent>"}
{"t": "2026-08-11T21:34:15.133", "bomb_state": null, "round_phase": "over", "bomb_countdown": null, "phase_ends_in": null, "connected": true, "pb_round_bomb": "<absent>", "pb_bomb_state": "<absent>"}
{"t": "2026-08-11T21:34:18.569", "bomb_state": null, "round_phase": "freezetime", "bomb_countdown": null, "phase_ends_in": null, "connected": true, "pb_round_bomb": "<absent>", "pb_bomb_state": "<absent>"}
{"t": "2026-08-11T21:34:25.114", "bomb_state": null, "round_phase": "freezetime", "bomb_countdown": null, "phase_ends_in": null, "connected": true, "pb_round_bomb": "<absent>", "pb_bomb_state": "<absent>"}
{"t": "2026-08-11T21:34:31.273", "bomb_state": null, "round_phase": "freezetime", "bomb_countdown": null, "phase_ends_in": null, "connected": true, "pb_round_bomb": "<absent>", "pb_bomb_state": "<absent>"}
{"t": "2026-08-11T21:34:37.386", "bomb_state": null, "round_phase": "freezetime", "bomb_countdown": null, "phase_ends_in": null, "connected": true, "pb_round_bomb": "<absent>", "pb_bomb_state": "<absent>"}
{"t": "2026-08-11T21:34:44.303", "bomb_state": null, "round_phase": "freezetime", "bomb_countdown": null, "phase_ends_in": null, "connected": true, "pb_round_bomb": "<absent>", "pb_bomb_state": "<absent>"}
{"t": "2026-08-11T21:34:44.959", "bomb_state": null, "round_phase": "live", "bomb_countdown": null, "phase_ends_in": null, "connected": true, "pb_round_bomb": "<absent>", "pb_bomb_state": "<absent>"}
{"t": "2026-08-11T21:34:50.060", "bomb_state": null, "round_phase": "live", "bomb_countdown": null, "phase_ends_in": null, "connected": true, "pb_round_bomb": "<absent>", "pb_bomb_state": "<absent>"}
{"t": "2026-08-11T21:34:55.966", "bomb_state": null, "round_phase": "live", "bomb_countdown": null, "phase_ends_in": null, "connected": true, "pb_round_bomb": "<absent>", "pb_bomb_state": "<absent>"}
{"t": "2026-08-11T21:35:02.070", "bomb_state": null, "round_phase": "live", "bomb_countdown": null, "phase_ends_in": null, "connected": true, "pb_round_bomb": "<absent>", "pb_bomb_state": "<absent>"}
{"t": "2026-08-11T21:35:08.229", "bomb_state": null, "round_phase": "live", "bomb_countdown": null, "phase_ends_in": null, "connected": true, "pb_round_bomb": "<absent>", "pb_bomb_state": "<absent>"}
{"t": "2026-08-11T21:35:14.026", "bomb_state": null, "round_phase": "live", "bomb_countdown": null, "phase_ends_in": null, "connected": true, "pb_round_bomb": "<absent>", "pb_bomb_state": "<absent>"}
{"t": "2026-08-11T21:35:20.083", "bomb_state": null, "round_phase": "live", "bomb_countdown": null, "phase_ends_in": null, "connected": true, "pb_round_bomb": "<absent>", "pb_bomb_state": "<absent>"}
{"t": "2026-08-11T21:35:26.249", "bomb_state": null, "round_phase": "live", "bomb_countdown": null, "phase_ends_in": null, "connected": true, "pb_round_bomb": "<absent>", "pb_bomb_state": "<absent>"}
{"t": "2026-08-11T21:35:31.456", "bomb_state": null, "round_phase": "over", "bomb_countdown": null, "phase_ends_in": null, "connected": true, "pb_round_bomb": "<absent>", "pb_bomb_state": "<absent>"}
{"t": "2026-08-11T21:35:36.915", "bomb_state": null, "round_phase": "over", "bomb_countdown": null, "phase_ends_in": null, "connected": true, "pb_round_bomb": "<absent>", "pb_bomb_state": "<absent>"}
{"t": "2026-08-11T21:35:38.533", "bomb_state": null, "round_phase": "freezetime", "bomb_countdown": null, "phase_ends_in": null, "connected": true, "pb_round_bomb": "<absent>", "pb_bomb_state": "<absent>"}
{"t": "2026-08-11T21:35:44.688", "bomb_state": null, "round_phase": "freezetime", "bomb_countdown": null, "phase_ends_in": null, "connected": true, "pb_round_bomb": "<absent>", "pb_bomb_state": "<absent>"}
{"t": "2026-08-11T21:35:51.039", "bomb_state": null, "round_phase": "freezetime", "bomb_countdown": null, "phase_ends_in": null, "connected": true, "pb_round_bomb": "<absent>", "pb_bomb_state": "<absent>"}
{"t": "2026-08-11T21:35:57.043", "bomb_state": null, "round_phase": "freezetime", "bomb_countdown": null, "phase_ends_in": null, "connected": true, "pb_round_bomb": "<absent>", "pb_bomb_state": "<absent>"}
{"t": "2026-08-11T21:35:58.458", "bomb_state": null, "round_phase": "live", "bomb_countdown": null, "phase_ends_in": null, "connected": true, "pb_round_bomb": "<absent>", "pb_bomb_state": "<absent>"}
{"t": "2026-08-11T21:36:04.571", "bomb_state": null, "round_phase": "live", "bomb_countdown": null, "phase_ends_in": null, "connected": true, "pb_round_bomb": "<absent>", "pb_bomb_state": "<absent>"}
{"t": "2026-08-11T21:36:10.686", "bomb_state": null, "round_phase": "live", "bomb_countdown": null, "phase_ends_in": null, "connected": true, "pb_round_bomb": "<absent>", "pb_bomb_state": "<absent>"}
{"t": "2026-08-11T21:36:16.395", "bomb_state": null, "round_phase": "live", "bomb_countdown": null, "phase_ends_in": null, "connected": true, "pb_round_bomb": "<absent>", "pb_bomb_state": "<absent>"}
{"t": "2026-08-11T21:36:21.493", "bomb_state": null, "round_phase": "live", "bomb_countdown": null, "phase_ends_in": null, "connected": true, "pb_round_bomb": "<absent>", "pb_bomb_state": "<absent>"}
{"t": "2026-08-11T21:36:26.648", "bomb_state": null, "round_phase": "live", "bomb_countdown": null, "phase_ends_in": null, "connected": true, "pb_round_bomb": "<absent>", "pb_bomb_state": "<absent>"}
{"t": "2026-08-11T21:36:32.352", "bomb_state": null, "round_phase": "live", "bomb_countdown": null, "phase_ends_in": null, "connected": true, "pb_round_bomb": "<absent>", "pb_bomb_state": "<absent>"}
{"t": "2026-08-11T21:36:38.464", "bomb_state": null, "round_phase": "live", "bomb_countdown": null, "phase_ends_in": null, "connected": true, "pb_round_bomb": "<absent>", "pb_bomb_state": "<absent>"}
{"t": "2026-08-11T21:36:44.529", "bomb_state": null, "round_phase": "live", "bomb_countdown": null, "phase_ends_in": null, "connected": true, "pb_round_bomb": "<absent>", "pb_bomb_state": "<absent>"}
{"t": "2026-08-11T21:36:48.316", "bomb_state": null, "round_phase": "over", "bomb_countdown": null, "phase_ends_in": null, "connected": true, "pb_round_bomb": "<absent>", "pb_bomb_state": "<absent>"}
{"t": "2026-08-11T21:36:53.664", "bomb_state": null, "round_phase": "over", "bomb_countdown": null, "phase_ends_in": null, "connected": true, "pb_round_bomb": "<absent>", "pb_bomb_state": "<absent>"}
{"t": "2026-08-11T21:36:55.280", "bomb_state": null, "round_phase": "freezetime", "bomb_countdown": null, "phase_ends_in": null, "connected": true, "pb_round_bomb": "<absent>", "pb_bomb_state": "<absent>"}
{"t": "2026-08-11T21:37:00.577", "bomb_state": null, "round_phase": "freezetime", "bomb_countdown": null, "phase_ends_in": null, "connected": true, "pb_round_bomb": "<absent>", "pb_bomb_state": "<absent>"}
{"t": "2026-08-11T21:37:06.642", "bomb_state": null, "round_phase": "freezetime", "bomb_countdown": null, "phase_ends_in": null, "connected": true, "pb_round_bomb": "<absent>", "pb_bomb_state": "<absent>"}
{"t": "2026-08-11T21:37:12.707", "bomb_state": null, "round_phase": "freezetime", "bomb_countdown": null, "phase_ends_in": null, "connected": true, "pb_round_bomb": "<absent>", "pb_bomb_state": "<absent>"}
{"t": "2026-08-11T21:37:15.186", "bomb_state": null, "round_phase": "live", "bomb_countdown": null, "phase_ends_in": null, "connected": true, "pb_round_bomb": "<absent>", "pb_bomb_state": "<absent>"}
{"t": "2026-08-11T21:37:21.293", "bomb_state": null, "round_phase": "live", "bomb_countdown": null, "phase_ends_in": null, "connected": true, "pb_round_bomb": "<absent>", "pb_bomb_state": "<absent>"}
{"t": "2026-08-11T21:37:27.257", "bomb_state": null, "round_phase": "live", "bomb_countdown": null, "phase_ends_in": null, "connected": true, "pb_round_bomb": "<absent>", "pb_bomb_state": "<absent>"}
{"t": "2026-08-11T21:37:33.015", "bomb_state": null, "round_phase": "live", "bomb_countdown": null, "phase_ends_in": null, "connected": true, "pb_round_bomb": "<absent>", "pb_bomb_state": "<absent>"}
{"t": "2026-08-11T21:37:39.026", "bomb_state": null, "round_phase": "live", "bomb_countdown": null, "phase_ends_in": null, "connected": true, "pb_round_bomb": "<absent>", "pb_bomb_state": "<absent>"}
{"t": "2026-08-11T21:37:45.033", "bomb_state": null, "round_phase": "live", "bomb_countdown": null, "phase_ends_in": null, "connected": true, "pb_round_bomb": "<absent>", "pb_bomb_state": "<absent>"}
{"t": "2026-08-11T21:37:49.327", "bomb_state": null, "round_phase": "over", "bomb_countdown": null, "phase_ends_in": null, "connected": true, "pb_round_bomb": "<absent>", "pb_bomb_state": "<absent>"}
{"t": "2026-08-11T21:37:54.675", "bomb_state": null, "round_phase": "over", "bomb_countdown": null, "phase_ends_in": null, "connected": true, "pb_round_bomb": "<absent>", "pb_bomb_state": "<absent>"}
{"t": "2026-08-11T21:37:56.392", "bomb_state": null, "round_phase": "freezetime", "bomb_countdown": null, "phase_ends_in": null, "connected": true, "pb_round_bomb": "<absent>", "pb_bomb_state": "<absent>"}
{"t": "2026-08-11T21:38:02.448", "bomb_state": null, "round_phase": "freezetime", "bomb_countdown": null, "phase_ends_in": null, "connected": true, "pb_round_bomb": "<absent>", "pb_bomb_state": "<absent>"}
{"t": "2026-08-11T21:38:07.544", "bomb_state": null, "round_phase": "freezetime", "bomb_countdown": null, "phase_ends_in": null, "connected": true, "pb_round_bomb": "<absent>", "pb_bomb_state": "<absent>"}
{"t": "2026-08-11T21:38:14.212", "bomb_state": null, "round_phase": "freezetime", "bomb_countdown": null, "phase_ends_in": null, "connected": true, "pb_round_bomb": "<absent>", "pb_bomb_state": "<absent>"}
{"t": "2026-08-11T21:38:16.384", "bomb_state": null, "round_phase": "live", "bomb_countdown": null, "phase_ends_in": null, "connected": true, "pb_round_bomb": "<absent>", "pb_bomb_state": "<absent>"}
{"t": "2026-08-11T21:38:22.495", "bomb_state": null, "round_phase": "live", "bomb_countdown": null, "phase_ends_in": null, "connected": true, "pb_round_bomb": "<absent>", "pb_bomb_state": "<absent>"}
{"t": "2026-08-11T21:38:28.852", "bomb_state": null, "round_phase": "live", "bomb_countdown": null, "phase_ends_in": null, "connected": true, "pb_round_bomb": "<absent>", "pb_bomb_state": "<absent>"}
{"t": "2026-08-11T21:38:34.757", "bomb_state": null, "round_phase": "live", "bomb_countdown": null, "phase_ends_in": null, "connected": true, "pb_round_bomb": "<absent>", "pb_bomb_state": "<absent>"}
{"t": "2026-08-11T21:38:39.047", "bomb_state": null, "round_phase": "over", "bomb_countdown": null, "phase_ends_in": null, "connected": true, "pb_round_bomb": "<absent>", "pb_bomb_state": "<absent>"}
{"t": "2026-08-11T21:38:44.857", "bomb_state": null, "round_phase": "over", "bomb_countdown": null, "phase_ends_in": null, "connected": true, "pb_round_bomb": "<absent>", "pb_bomb_state": "<absent>"}
{"t": "2026-08-11T21:38:46.018", "bomb_state": null, "round_phase": "freezetime", "bomb_countdown": null, "phase_ends_in": null, "connected": true, "pb_round_bomb": "<absent>", "pb_bomb_state": "<absent>"}
{"t": "2026-08-11T21:38:52.076", "bomb_state": null, "round_phase": "freezetime", "bomb_countdown": null, "phase_ends_in": null, "connected": true, "pb_round_bomb": "<absent>", "pb_bomb_state": "<absent>"}
{"t": "2026-08-11T21:38:58.237", "bomb_state": null, "round_phase": "freezetime", "bomb_countdown": null, "phase_ends_in": null, "connected": true, "pb_round_bomb": "<absent>", "pb_bomb_state": "<absent>"}
{"t": "2026-08-11T21:39:04.345", "bomb_state": null, "round_phase": "freezetime", "bomb_countdown": null, "phase_ends_in": null, "connected": true, "pb_round_bomb": "<absent>", "pb_bomb_state": "<absent>"}
{"t": "2026-08-11T21:39:05.966", "bomb_state": null, "round_phase": "live", "bomb_countdown": null, "phase_ends_in": null, "connected": true, "pb_round_bomb": "<absent>", "pb_bomb_state": "<absent>"}
{"t": "2026-08-11T21:39:11.320", "bomb_state": null, "round_phase": "live", "bomb_countdown": null, "phase_ends_in": null, "connected": true, "pb_round_bomb": "<absent>", "pb_bomb_state": "<absent>"}
{"t": "2026-08-11T21:39:17.831", "bomb_state": null, "round_phase": "live", "bomb_countdown": null, "phase_ends_in": null, "connected": true, "pb_round_bomb": "<absent>", "pb_bomb_state": "<absent>"}
{"t": "2026-08-11T21:39:23.936", "bomb_state": null, "round_phase": "live", "bomb_countdown": null, "phase_ends_in": null, "connected": true, "pb_round_bomb": "<absent>", "pb_bomb_state": "<absent>"}
{"t": "2026-08-11T21:39:29.744", "bomb_state": null, "round_phase": "live", "bomb_countdown": null, "phase_ends_in": null, "connected": true, "pb_round_bomb": "<absent>", "pb_bomb_state": "<absent>"}
{"t": "2026-08-11T21:39:35.143", "bomb_state": null, "round_phase": "live", "bomb_countdown": null, "phase_ends_in": null, "connected": true, "pb_round_bomb": "<absent>", "pb_bomb_state": "<absent>"}
{"t": "2026-08-11T21:39:40.543", "bomb_state": null, "round_phase": "live", "bomb_countdown": null, "phase_ends_in": null, "connected": true, "pb_round_bomb": "<absent>", "pb_bomb_state": "<absent>"}
{"t": "2026-08-11T21:39:46.515", "bomb_state": null, "round_phase": "live", "bomb_countdown": null, "phase_ends_in": null, "connected": true, "pb_round_bomb": "<absent>", "pb_bomb_state": "<absent>"}
{"t": "2026-08-11T21:39:52.974", "bomb_state": null, "round_phase": "live", "bomb_countdown": null, "phase_ends_in": null, "connected": true, "pb_round_bomb": "<absent>", "pb_bomb_state": "<absent>"}
{"t": "2026-08-11T21:39:59.083", "bomb_state": null, "round_phase": "live", "bomb_countdown": null, "phase_ends_in": null, "connected": true, "pb_round_bomb": "<absent>", "pb_bomb_state": "<absent>"}
{"t": "2026-08-11T21:39:59.488", "bomb_state": null, "round_phase": "over", "bomb_countdown": null, "phase_ends_in": null, "connected": true, "pb_round_bomb": "<absent>", "pb_bomb_state": "<absent>"}
{"t": "2026-08-11T21:40:04.742", "bomb_state": null, "round_phase": "over", "bomb_countdown": null, "phase_ends_in": null, "connected": true, "pb_round_bomb": "<absent>", "pb_bomb_state": "<absent>"}
{"t": "2026-08-11T21:40:06.563", "bomb_state": null, "round_phase": "freezetime", "bomb_countdown": null, "phase_ends_in": null, "connected": true, "pb_round_bomb": "<absent>", "pb_bomb_state": "<absent>"}
{"t": "2026-08-11T21:40:13.327", "bomb_state": null, "round_phase": "freezetime", "bomb_countdown": null, "phase_ends_in": null, "connected": true, "pb_round_bomb": "<absent>", "pb_bomb_state": "<absent>"}
{"t": "2026-08-11T21:40:19.692", "bomb_state": null, "round_phase": "freezetime", "bomb_countdown": null, "phase_ends_in": null, "connected": true, "pb_round_bomb": "<absent>", "pb_bomb_state": "<absent>"}
{"t": "2026-08-11T21:40:25.747", "bomb_state": null, "round_phase": "freezetime", "bomb_countdown": null, "phase_ends_in": null, "connected": true, "pb_round_bomb": "<absent>", "pb_bomb_state": "<absent>"}
{"t": "2026-08-11T21:40:31.810", "bomb_state": null, "round_phase": "freezetime", "bomb_countdown": null, "phase_ends_in": null, "connected": true, "pb_round_bomb": "<absent>", "pb_bomb_state": "<absent>"}
{"t": "2026-08-11T21:40:33.433", "bomb_state": null, "round_phase": "live", "bomb_countdown": null, "phase_ends_in": null, "connected": true, "pb_round_bomb": "<absent>", "pb_bomb_state": "<absent>"}
{"t": "2026-08-11T21:40:39.594", "bomb_state": null, "round_phase": "live", "bomb_countdown": null, "phase_ends_in": null, "connected": true, "pb_round_bomb": "<absent>", "pb_bomb_state": "<absent>"}
{"t": "2026-08-11T21:40:45.647", "bomb_state": null, "round_phase": "live", "bomb_countdown": null, "phase_ends_in": null, "connected": true, "pb_round_bomb": "<absent>", "pb_bomb_state": "<absent>"}
{"t": "2026-08-11T21:40:51.757", "bomb_state": null, "round_phase": "live", "bomb_countdown": null, "phase_ends_in": null, "connected": true, "pb_round_bomb": "<absent>", "pb_bomb_state": "<absent>"}
{"t": "2026-08-11T21:40:57.866", "bomb_state": null, "round_phase": "live", "bomb_countdown": null, "phase_ends_in": null, "connected": true, "pb_round_bomb": "<absent>", "pb_bomb_state": "<absent>"}
{"t": "2026-08-11T21:41:04.075", "bomb_state": null, "round_phase": "live", "bomb_countdown": null, "phase_ends_in": null, "connected": true, "pb_round_bomb": "<absent>", "pb_bomb_state": "<absent>"}
{"t": "2026-08-11T21:41:10.184", "bomb_state": null, "round_phase": "live", "bomb_countdown": null, "phase_ends_in": null, "connected": true, "pb_round_bomb": "<absent>", "pb_bomb_state": "<absent>"}
{"t": "2026-08-11T21:41:16.295", "bomb_state": null, "round_phase": "live", "bomb_countdown": null, "phase_ends_in": null, "connected": true, "pb_round_bomb": "<absent>", "pb_bomb_state": "<absent>"}
{"t": "2026-08-11T21:41:21.298", "bomb_state": null, "round_phase": "live", "bomb_countdown": null, "phase_ends_in": null, "connected": true, "pb_round_bomb": "<absent>", "pb_bomb_state": "<absent>"}
{"t": "2026-08-11T21:41:26.356", "bomb_state": null, "round_phase": "live", "bomb_countdown": null, "phase_ends_in": null, "connected": true, "pb_round_bomb": "<absent>", "pb_bomb_state": "<absent>"}
{"t": "2026-08-11T21:41:31.859", "bomb_state": null, "round_phase": "live", "bomb_countdown": null, "phase_ends_in": null, "connected": true, "pb_round_bomb": "<absent>", "pb_bomb_state": "<absent>"}
{"t": "2026-08-11T21:41:38.073", "bomb_state": null, "round_phase": "live", "bomb_countdown": null, "phase_ends_in": null, "connected": true, "pb_round_bomb": "<absent>", "pb_bomb_state": "<absent>"}
{"t": "2026-08-11T21:41:45.093", "bomb_state": null, "round_phase": "live", "bomb_countdown": null, "phase_ends_in": null, "connected": true, "pb_round_bomb": "<absent>", "pb_bomb_state": "<absent>"}
{"t": "2026-08-11T21:41:51.595", "bomb_state": null, "round_phase": "live", "bomb_countdown": null, "phase_ends_in": null, "connected": true, "pb_round_bomb": "planted", "pb_bomb_state": "<absent>"}
{"t": "2026-08-11T21:41:57.056", "bomb_state": null, "round_phase": "live", "bomb_countdown": null, "phase_ends_in": null, "connected": true, "pb_round_bomb": "planted", "pb_bomb_state": "<absent>"}
{"t": "2026-08-11T21:42:03.133", "bomb_state": null, "round_phase": "live", "bomb_countdown": null, "phase_ends_in": null, "connected": true, "pb_round_bomb": "planted", "pb_bomb_state": "<absent>"}
{"t": "2026-08-11T21:42:04.565", "bomb_state": null, "round_phase": "over", "bomb_countdown": null, "phase_ends_in": null, "connected": true, "pb_round_bomb": "<absent>", "pb_bomb_state": "<absent>"}
{"t": "2026-08-11T21:42:09.967", "bomb_state": null, "round_phase": "over", "bomb_countdown": null, "phase_ends_in": null, "connected": true, "pb_round_bomb": "<absent>", "pb_bomb_state": "<absent>"}
{"t": "2026-08-11T21:42:11.635", "bomb_state": null, "round_phase": "freezetime", "bomb_countdown": null, "phase_ends_in": null, "connected": true, "pb_round_bomb": "<absent>", "pb_bomb_state": "<absent>"}
{"t": "2026-08-11T21:42:17.745", "bomb_state": null, "round_phase": "freezetime", "bomb_countdown": null, "phase_ends_in": null, "connected": true, "pb_round_bomb": "<absent>", "pb_bomb_state": "<absent>"}
{"t": "2026-08-11T21:42:23.348", "bomb_state": null, "round_phase": "freezetime", "bomb_countdown": null, "phase_ends_in": null, "connected": true, "pb_round_bomb": "<absent>", "pb_bomb_state": "<absent>"}
{"t": "2026-08-11T21:42:29.405", "bomb_state": null, "round_phase": "freezetime", "bomb_countdown": null, "phase_ends_in": null, "connected": true, "pb_round_bomb": "<absent>", "pb_bomb_state": "<absent>"}
{"t": "2026-08-11T21:42:35.460", "bomb_state": null, "round_phase": "freezetime", "bomb_countdown": null, "phase_ends_in": null, "connected": true, "pb_round_bomb": "<absent>", "pb_bomb_state": "<absent>"}
{"t": "2026-08-11T21:42:41.575", "bomb_state": null, "round_phase": "freezetime", "bomb_countdown": null, "phase_ends_in": null, "connected": true, "pb_round_bomb": "<absent>", "pb_bomb_state": "<absent>"}
{"t": "2026-08-11T21:42:47.685", "bomb_state": null, "round_phase": "freezetime", "bomb_countdown": null, "phase_ends_in": null, "connected": true, "pb_round_bomb": "<absent>", "pb_bomb_state": "<absent>"}
{"t": "2026-08-11T21:42:53.690", "bomb_state": null, "round_phase": "freezetime", "bomb_countdown": null, "phase_ends_in": null, "connected": true, "pb_round_bomb": "<absent>", "pb_bomb_state": "<absent>"}
{"t": "2026-08-11T21:42:59.801", "bomb_state": null, "round_phase": "freezetime", "bomb_countdown": null, "phase_ends_in": null, "connected": true, "pb_round_bomb": "<absent>", "pb_bomb_state": "<absent>"}
{"t": "2026-08-11T21:43:05.913", "bomb_state": null, "round_phase": "freezetime", "bomb_countdown": null, "phase_ends_in": null, "connected": true, "pb_round_bomb": "<absent>", "pb_bomb_state": "<absent>"}
{"t": "2026-08-11T21:43:11.925", "bomb_state": null, "round_phase": "freezetime", "bomb_countdown": null, "phase_ends_in": null, "connected": true, "pb_round_bomb": "<absent>", "pb_bomb_state": "<absent>"}
{"t": "2026-08-11T21:43:13.396", "bomb_state": null, "round_phase": "live", "bomb_countdown": null, "phase_ends_in": null, "connected": true, "pb_round_bomb": "<absent>", "pb_bomb_state": "<absent>"}
{"t": "2026-08-11T21:43:20.059", "bomb_state": null, "round_phase": "live", "bomb_countdown": null, "phase_ends_in": null, "connected": true, "pb_round_bomb": "<absent>", "pb_bomb_state": "<absent>"}
{"t": "2026-08-11T21:43:26.414", "bomb_state": null, "round_phase": "live", "bomb_countdown": null, "phase_ends_in": null, "connected": true, "pb_round_bomb": "<absent>", "pb_bomb_state": "<absent>"}
{"t": "2026-08-11T21:43:32.421", "bomb_state": null, "round_phase": "live", "bomb_countdown": null, "phase_ends_in": null, "connected": true, "pb_round_bomb": "<absent>", "pb_bomb_state": "<absent>"}
{"t": "2026-08-11T21:43:38.177", "bomb_state": null, "round_phase": "live", "bomb_countdown": null, "phase_ends_in": null, "connected": true, "pb_round_bomb": "<absent>", "pb_bomb_state": "<absent>"}
{"t": "2026-08-11T21:43:44.334", "bomb_state": null, "round_phase": "live", "bomb_countdown": null, "phase_ends_in": null, "connected": true, "pb_round_bomb": "<absent>", "pb_bomb_state": "<absent>"}
{"t": "2026-08-11T21:43:49.990", "bomb_state": null, "round_phase": "live", "bomb_countdown": null, "phase_ends_in": null, "connected": true, "pb_round_bomb": "<absent>", "pb_bomb_state": "<absent>"}
{"t": "2026-08-11T21:43:56.144", "bomb_state": null, "round_phase": "live", "bomb_countdown": null, "phase_ends_in": null, "connected": true, "pb_round_bomb": "<absent>", "pb_bomb_state": "<absent>"}
{"t": "2026-08-11T21:44:02.257", "bomb_state": null, "round_phase": "live", "bomb_countdown": null, "phase_ends_in": null, "connected": true, "pb_round_bomb": "<absent>", "pb_bomb_state": "<absent>"}
{"t": "2026-08-11T21:44:08.372", "bomb_state": null, "round_phase": "live", "bomb_countdown": null, "phase_ends_in": null, "connected": true, "pb_round_bomb": "<absent>", "pb_bomb_state": "<absent>"}
{"t": "2026-08-11T21:44:14.730", "bomb_state": null, "round_phase": "live", "bomb_countdown": null, "phase_ends_in": null, "connected": true, "pb_round_bomb": "<absent>", "pb_bomb_state": "<absent>"}
{"t": "2026-08-11T21:44:17.504", "bomb_state": null, "round_phase": "over", "bomb_countdown": null, "phase_ends_in": null, "connected": true, "pb_round_bomb": "<absent>", "pb_bomb_state": "<absent>"}
{"t": "2026-08-11T21:44:22.602", "bomb_state": null, "round_phase": "over", "bomb_countdown": null, "phase_ends_in": null, "connected": true, "pb_round_bomb": "<absent>", "pb_bomb_state": "<absent>"}
{"t": "2026-08-11T21:44:24.571", "bomb_state": null, "round_phase": "freezetime", "bomb_countdown": null, "phase_ends_in": null, "connected": true, "pb_round_bomb": "<absent>", "pb_bomb_state": "<absent>"}
{"t": "2026-08-11T21:44:30.631", "bomb_state": null, "round_phase": "freezetime", "bomb_countdown": null, "phase_ends_in": null, "connected": true, "pb_round_bomb": "<absent>", "pb_bomb_state": "<absent>"}
{"t": "2026-08-11T21:44:36.741", "bomb_state": null, "round_phase": "freezetime", "bomb_countdown": null, "phase_ends_in": null, "connected": true, "pb_round_bomb": "<absent>", "pb_bomb_state": "<absent>"}
{"t": "2026-08-11T21:44:42.904", "bomb_state": null, "round_phase": "freezetime", "bomb_countdown": null, "phase_ends_in": null, "connected": true, "pb_round_bomb": "<absent>", "pb_bomb_state": "<absent>"}
{"t": "2026-08-11T21:44:44.474", "bomb_state": null, "round_phase": "live", "bomb_countdown": null, "phase_ends_in": null, "connected": true, "pb_round_bomb": "<absent>", "pb_bomb_state": "<absent>"}
{"t": "2026-08-11T21:44:50.530", "bomb_state": null, "round_phase": "live", "bomb_countdown": null, "phase_ends_in": null, "connected": true, "pb_round_bomb": "<absent>", "pb_bomb_state": "<absent>"}
{"t": "2026-08-11T21:44:55.585", "bomb_state": null, "round_phase": "live", "bomb_countdown": null, "phase_ends_in": null, "connected": true, "pb_round_bomb": "<absent>", "pb_bomb_state": "<absent>"}
{"t": "2026-08-11T21:45:02.251", "bomb_state": null, "round_phase": "live", "bomb_countdown": null, "phase_ends_in": null, "connected": true, "pb_round_bomb": "<absent>", "pb_bomb_state": "<absent>"}
{"t": "2026-08-11T21:45:08.816", "bomb_state": null, "round_phase": "live", "bomb_countdown": null, "phase_ends_in": null, "connected": true, "pb_round_bomb": "<absent>", "pb_bomb_state": "<absent>"}
{"t": "2026-08-11T21:45:14.162", "bomb_state": null, "round_phase": "live", "bomb_countdown": null, "phase_ends_in": null, "connected": true, "pb_round_bomb": "<absent>", "pb_bomb_state": "<absent>"}
{"t": "2026-08-11T21:45:20.516", "bomb_state": null, "round_phase": "live", "bomb_countdown": null, "phase_ends_in": null, "connected": true, "pb_round_bomb": "<absent>", "pb_bomb_state": "<absent>"}
{"t": "2026-08-11T21:45:26.924", "bomb_state": null, "round_phase": "live", "bomb_countdown": null, "phase_ends_in": null, "connected": true, "pb_round_bomb": "<absent>", "pb_bomb_state": "<absent>"}
{"t": "2026-08-11T21:45:33.592", "bomb_state": null, "round_phase": "live", "bomb_countdown": null, "phase_ends_in": null, "connected": true, "pb_round_bomb": "<absent>", "pb_bomb_state": "<absent>"}
{"t": "2026-08-11T21:45:39.701", "bomb_state": null, "round_phase": "live", "bomb_countdown": null, "phase_ends_in": null, "connected": true, "pb_round_bomb": "<absent>", "pb_bomb_state": "<absent>"}
{"t": "2026-08-11T21:45:45.508", "bomb_state": null, "round_phase": "live", "bomb_countdown": null, "phase_ends_in": null, "connected": true, "pb_round_bomb": "<absent>", "pb_bomb_state": "<absent>"}
{"t": "2026-08-11T21:45:50.707", "bomb_state": null, "round_phase": "live", "bomb_countdown": null, "phase_ends_in": null, "connected": true, "pb_round_bomb": "<absent>", "pb_bomb_state": "<absent>"}
{"t": "2026-08-11T21:45:56.670", "bomb_state": null, "round_phase": "live", "bomb_countdown": null, "phase_ends_in": null, "connected": true, "pb_round_bomb": "<absent>", "pb_bomb_state": "<absent>"}
{"t": "2026-08-11T21:46:01.874", "bomb_state": null, "round_phase": "live", "bomb_countdown": null, "phase_ends_in": null, "connected": true, "pb_round_bomb": "<absent>", "pb_bomb_state": "<absent>"}
{"t": "2026-08-11T21:46:08.077", "bomb_state": null, "round_phase": "live", "bomb_countdown": null, "phase_ends_in": null, "connected": true, "pb_round_bomb": "<absent>", "pb_bomb_state": "<absent>"}
{"t": "2026-08-11T21:46:12.220", "bomb_state": null, "round_phase": "over", "bomb_countdown": null, "phase_ends_in": null, "connected": true, "pb_round_bomb": "<absent>", "pb_bomb_state": "<absent>"}
{"t": "2026-08-11T21:46:17.228", "bomb_state": null, "round_phase": "over", "bomb_countdown": null, "phase_ends_in": null, "connected": true, "pb_round_bomb": "<absent>", "pb_bomb_state": "<absent>"}
{"t": "2026-08-11T21:46:19.297", "bomb_state": null, "round_phase": "freezetime", "bomb_countdown": null, "phase_ends_in": null, "connected": true, "pb_round_bomb": "<absent>", "pb_bomb_state": "<absent>"}
{"t": "2026-08-11T21:46:25.199", "bomb_state": null, "round_phase": "freezetime", "bomb_countdown": null, "phase_ends_in": null, "connected": true, "pb_round_bomb": "<absent>", "pb_bomb_state": "<absent>"}
{"t": "2026-08-11T21:46:31.304", "bomb_state": null, "round_phase": "freezetime", "bomb_countdown": null, "phase_ends_in": null, "connected": true, "pb_round_bomb": "<absent>", "pb_bomb_state": "<absent>"}
{"t": "2026-08-11T21:46:37.118", "bomb_state": null, "round_phase": "freezetime", "bomb_countdown": null, "phase_ends_in": null, "connected": true, "pb_round_bomb": "<absent>", "pb_bomb_state": "<absent>"}
{"t": "2026-08-11T21:46:39.193", "bomb_state": null, "round_phase": "live", "bomb_countdown": null, "phase_ends_in": null, "connected": true, "pb_round_bomb": "<absent>", "pb_bomb_state": "<absent>"}
{"t": "2026-08-11T21:46:45.301", "bomb_state": null, "round_phase": "live", "bomb_countdown": null, "phase_ends_in": null, "connected": true, "pb_round_bomb": "<absent>", "pb_bomb_state": "<absent>"}
{"t": "2026-08-11T21:46:51.357", "bomb_state": null, "round_phase": "live", "bomb_countdown": null, "phase_ends_in": null, "connected": true, "pb_round_bomb": "<absent>", "pb_bomb_state": "<absent>"}
{"t": "2026-08-11T21:46:57.513", "bomb_state": null, "round_phase": "live", "bomb_countdown": null, "phase_ends_in": null, "connected": true, "pb_round_bomb": "<absent>", "pb_bomb_state": "<absent>"}
{"t": "2026-08-11T21:47:02.766", "bomb_state": null, "round_phase": "live", "bomb_countdown": null, "phase_ends_in": null, "connected": true, "pb_round_bomb": "<absent>", "pb_bomb_state": "<absent>"}
{"t": "2026-08-11T21:47:08.580", "bomb_state": null, "round_phase": "live", "bomb_countdown": null, "phase_ends_in": null, "connected": true, "pb_round_bomb": "<absent>", "pb_bomb_state": "<absent>"}
{"t": "2026-08-11T21:47:11.411", "bomb_state": null, "round_phase": "over", "bomb_countdown": null, "phase_ends_in": null, "connected": true, "pb_round_bomb": "<absent>", "pb_bomb_state": "<absent>"}
{"t": "2026-08-11T21:47:16.505", "bomb_state": null, "round_phase": "over", "bomb_countdown": null, "phase_ends_in": null, "connected": true, "pb_round_bomb": "<absent>", "pb_bomb_state": "<absent>"}
{"t": "2026-08-11T21:47:18.423", "bomb_state": null, "round_phase": "freezetime", "bomb_countdown": null, "phase_ends_in": null, "connected": true, "pb_round_bomb": "<absent>", "pb_bomb_state": "<absent>"}
{"t": "2026-08-11T21:47:24.888", "bomb_state": null, "round_phase": "freezetime", "bomb_countdown": null, "phase_ends_in": null, "connected": true, "pb_round_bomb": "<absent>", "pb_bomb_state": "<absent>"}
{"t": "2026-08-11T21:47:30.948", "bomb_state": null, "round_phase": "freezetime", "bomb_countdown": null, "phase_ends_in": null, "connected": true, "pb_round_bomb": "<absent>", "pb_bomb_state": "<absent>"}
{"t": "2026-08-11T21:47:37.319", "bomb_state": null, "round_phase": "freezetime", "bomb_countdown": null, "phase_ends_in": null, "connected": true, "pb_round_bomb": "<absent>", "pb_bomb_state": "<absent>"}
{"t": "2026-08-11T21:47:38.380", "bomb_state": null, "round_phase": "live", "bomb_countdown": null, "phase_ends_in": null, "connected": true, "pb_round_bomb": "<absent>", "pb_bomb_state": "<absent>"}
{"t": "2026-08-11T21:47:43.881", "bomb_state": null, "round_phase": "live", "bomb_countdown": null, "phase_ends_in": null, "connected": true, "pb_round_bomb": "<absent>", "pb_bomb_state": "<absent>"}
{"t": "2026-08-11T21:47:50.185", "bomb_state": null, "round_phase": "live", "bomb_countdown": null, "phase_ends_in": null, "connected": true, "pb_round_bomb": "<absent>", "pb_bomb_state": "<absent>"}
{"t": "2026-08-11T21:47:56.603", "bomb_state": null, "round_phase": "live", "bomb_countdown": null, "phase_ends_in": null, "connected": true, "pb_round_bomb": "<absent>", "pb_bomb_state": "<absent>"}
{"t": "2026-08-11T21:48:01.651", "bomb_state": null, "round_phase": "live", "bomb_countdown": null, "phase_ends_in": null, "connected": true, "pb_round_bomb": "<absent>", "pb_bomb_state": "<absent>"}
{"t": "2026-08-11T21:48:06.747", "bomb_state": null, "round_phase": "live", "bomb_countdown": null, "phase_ends_in": null, "connected": true, "pb_round_bomb": "<absent>", "pb_bomb_state": "<absent>"}
{"t": "2026-08-11T21:48:13.666", "bomb_state": null, "round_phase": "live", "bomb_countdown": null, "phase_ends_in": null, "connected": true, "pb_round_bomb": "planted", "pb_bomb_state": "<absent>"}
{"t": "2026-08-11T21:48:20.478", "bomb_state": null, "round_phase": "live", "bomb_countdown": null, "phase_ends_in": null, "connected": true, "pb_round_bomb": "planted", "pb_bomb_state": "<absent>"}
{"t": "2026-08-11T21:48:27.153", "bomb_state": null, "round_phase": "live", "bomb_countdown": null, "phase_ends_in": null, "connected": true, "pb_round_bomb": "planted", "pb_bomb_state": "<absent>"}
{"t": "2026-08-11T21:48:32.440", "bomb_state": null, "round_phase": "live", "bomb_countdown": null, "phase_ends_in": null, "connected": true, "pb_round_bomb": "planted", "pb_bomb_state": "<absent>"}
{"t": "2026-08-11T21:48:38.517", "bomb_state": null, "round_phase": "live", "bomb_countdown": null, "phase_ends_in": null, "connected": true, "pb_round_bomb": "planted", "pb_bomb_state": "<absent>"}
{"t": "2026-08-11T21:48:45.339", "bomb_state": null, "round_phase": "live", "bomb_countdown": null, "phase_ends_in": null, "connected": true, "pb_round_bomb": "planted", "pb_bomb_state": "<absent>"}
{"t": "2026-08-11T21:48:49.109", "bomb_state": null, "round_phase": "over", "bomb_countdown": null, "phase_ends_in": null, "connected": true, "pb_round_bomb": "exploded", "pb_bomb_state": "<absent>"}
{"t": "2026-08-11T21:48:55.212", "bomb_state": null, "round_phase": "over", "bomb_countdown": null, "phase_ends_in": null, "connected": true, "pb_round_bomb": "exploded", "pb_bomb_state": "<absent>"}
{"t": "2026-08-11T21:48:56.171", "bomb_state": null, "round_phase": "freezetime", "bomb_countdown": null, "phase_ends_in": null, "connected": true, "pb_round_bomb": "<absent>", "pb_bomb_state": "<absent>"}
{"t": "2026-08-11T21:49:02.237", "bomb_state": null, "round_phase": "freezetime", "bomb_countdown": null, "phase_ends_in": null, "connected": true, "pb_round_bomb": "<absent>", "pb_bomb_state": "<absent>"}
{"t": "2026-08-11T21:49:07.396", "bomb_state": null, "round_phase": "freezetime", "bomb_countdown": null, "phase_ends_in": null, "connected": true, "pb_round_bomb": "<absent>", "pb_bomb_state": "<absent>"}
{"t": "2026-08-11T21:49:13.516", "bomb_state": null, "round_phase": "freezetime", "bomb_countdown": null, "phase_ends_in": null, "connected": true, "pb_round_bomb": "<absent>", "pb_bomb_state": "<absent>"}
{"t": "2026-08-11T21:49:16.093", "bomb_state": null, "round_phase": "live", "bomb_countdown": null, "phase_ends_in": null, "connected": true, "pb_round_bomb": "<absent>", "pb_bomb_state": "<absent>"}
{"t": "2026-08-11T21:49:22.310", "bomb_state": null, "round_phase": "live", "bomb_countdown": null, "phase_ends_in": null, "connected": true, "pb_round_bomb": "<absent>", "pb_bomb_state": "<absent>"}
{"t": "2026-08-11T21:49:28.378", "bomb_state": null, "round_phase": "live", "bomb_countdown": null, "phase_ends_in": null, "connected": true, "pb_round_bomb": "<absent>", "pb_bomb_state": "<absent>"}
{"t": "2026-08-11T21:49:34.499", "bomb_state": null, "round_phase": "live", "bomb_countdown": null, "phase_ends_in": null, "connected": true, "pb_round_bomb": "<absent>", "pb_bomb_state": "<absent>"}
{"t": "2026-08-11T21:49:39.756", "bomb_state": null, "round_phase": "live", "bomb_countdown": null, "phase_ends_in": null, "connected": true, "pb_round_bomb": "<absent>", "pb_bomb_state": "<absent>"}
{"t": "2026-08-11T21:49:45.870", "bomb_state": null, "round_phase": "live", "bomb_countdown": null, "phase_ends_in": null, "connected": true, "pb_round_bomb": "<absent>", "pb_bomb_state": "<absent>"}
{"t": "2026-08-11T21:49:51.993", "bomb_state": null, "round_phase": "live", "bomb_countdown": null, "phase_ends_in": null, "connected": true, "pb_round_bomb": "<absent>", "pb_bomb_state": "<absent>"}
{"t": "2026-08-11T21:49:55.837", "bomb_state": null, "round_phase": "freezetime", "bomb_countdown": null, "phase_ends_in": null, "connected": true, "pb_round_bomb": "<absent>", "pb_bomb_state": "<absent>"}
{"t": "2026-08-11T21:49:58.467", "bomb_state": null, "round_phase": null, "bomb_countdown": null, "phase_ends_in": null, "connected": true, "pb_round_bomb": "<absent>", "pb_bomb_state": "<absent>"}
{"t": "2026-08-11T21:50:04.630", "bomb_state": null, "round_phase": null, "bomb_countdown": null, "phase_ends_in": null, "connected": true, "pb_round_bomb": "<absent>", "pb_bomb_state": "<absent>"}
